id,pedlabsampnum,sample_date,sample_year,sample_month,sample_latitude,sample_longitude,weather_station_id,avg_temperature,max_temperature,min_temperature,total_precipitation,avg_relative_humidity,growing_degree_days,climate_region,data_source,created_at,updated_at,ph_h2o,ph_cacl2,estimated_organic_carbon,total_carbon_ncs,total_nitrogen_ncs,carbon_to_nitrogen_ratio,cec_nh4_ph_7,base_sat_nh4oac_ph_7,ca_nh4_ph_7,mg_nh4_ph_7,k_nh4_ph_7,na_nh4_ph_7,clay_total,silt_total,sand_total,bulk_density_oven_dry,water_retention_15_bar,particle_density_less_than_2mm,state_name,commodity_desc,crop_year,yield_value,crop_unit_desc
1,00P0001,1999-07-07,1999,7,40.768696,-73.979195,APPROX_1999,35.0,43.0,27.0,97.5,70,749.0,central,historical_approximation,2025-08-14T21:49:26.309794+00:00,2025-08-14T21:49:26.309794+00:00,,,,,,,,,,,,,,,,,,,NEW YORK,CORN,1989,103.0,BU / ACRE
3,40A0010,1954-06-04,1954,6,48.865424,-98.408366,APPROX_1954,27.1,35.1,19.1,80.0,70,514.0,northern,historical_approximation,2025-08-14T21:49:26.309794+00:00,2025-08-14T21:49:26.309794+00:00,,,,,,,,,,,,,,,,,,,NORTH DAKOTA,WHEAT,1952,12.0,BU / ACRE
3,40A0010,1954-06-04,1954,6,48.865424,-98.408366,APPROX_1954,27.1,35.1,19.1,80.0,70,514.0,northern,historical_approximation,2025-08-14T21:49:26.309794+00:00,2025-08-14T21:49:26.309794+00:00,,,,,,,,,,,,,,,,,,,NORTH DAKOTA,WHEAT,1953,10.2,BU / ACRE
4,40A0011,1953-09-18,1953,9,45.994999,-98.230835,APPROX_1953,25.1,33.1,17.1,80.0,70,453.0,northern,historical_approximation,2025-08-14T21:49:26.309794+00:00,2025-08-14T21:49:26.309794+00:00,,,,,,,,,,,,,,,,,,,NORTH DAKOTA,WHEAT,1952,12.0,BU / ACRE
4,40A0011,1953-09-18,1953,9,45.994999,-98.230835,APPROX_1953,25.1,33.1,17.1,80.0,70,453.0,northern,historical_approximation,2025-08-14T21:49:26.309794+00:00,2025-08-14T21:49:26.309794+00:00,,,,,,,,,,,,,,,,,,,NORTH DAKOTA,WHEAT,1953,10.2,BU / ACRE
7,40A0014,1953-07-07,1953,7,47.255257,-97.770393,APPROX_1953,30.1,38.1,22.1,80.0,70,603.0,northern,historical_approximation,2025-08-14T21:49:26.309794+00:00,2025-08-14T21:49:26.309794+00:00,,,,,,,,,,,,,,,,,,,NORTH DAKOTA,WHEAT,1952,12.0,BU / ACRE
7,40A0014,1953-07-07,1953,7,47.255257,-97.770393,APPROX_1953,30.1,38.1,22.1,80.0,70,603.0,northern,historical_approximation,2025-08-14T21:49:26.309794+00:00,2025-08-14T21:49:26.309794+00:00,,,,,,,,,,,,,,,,,,,NORTH DAKOTA,WHEAT,1953,10.2,BU / ACRE
8,40A0015,1953-08-11,1953,8,47.05,-97.015556,APPROX_1953,29.1,37.1,21.1,80.0,70,573.0,northern,historical_approximation,2025-08-14T21:49:26.309794+00:00,2025-08-14T21:49:26.309794+00:00,,,,,,,,,,,,,,,,,,,NORTH DAKOTA,WHEAT,1952,12.0,BU / ACRE
8,40A0015,1953-08-11,1953,8,47.05,-97.015556,APPROX_1953,29.1,37.1,21.1,80.0,70,573.0,northern,historical_approximation,2025-08-14T21:49:26.309794+00:00,2025-08-14T21:49:26.309794+00:00,,,,,,,,,,,,,,,,,,,NORTH DAKOTA,WHEAT,1953,10.2,BU / ACRE
9,40A0016,1953-08-12,1953,8,47.078889,-97.026389,APPROX_1953,29.1,37.1,21.1,80.0,70,573.0,northern,historical_approximation,2025-08-14T21:49:26.309794+00:00,2025-08-14T21:49:26.309794+00:00,,,,,,,,,,,,,,,,,,,NORTH DAKOTA,WHEAT,1952,12.0,BU / ACRE
9,40A0016,1953-08-12,1953,8,47.078889,-97.026389,APPROX_1953,29.1,37.1,21.1,80.0,70,573.0,northern,historical_approximation,2025-08-14T21:49:26.309794+00:00,2025-08-14T21:49:26.309794+00:00,,,,,,,,,,,,,,,,,,,NORTH DAKOTA,WHEAT,1953,10.2,BU / ACRE
10,40A0017,1954-06-02,1954,6,48.660833,-97.374722,APPROX_1954,27.1,35.1,19.1,80.0,70,514.0,northern,historical_approximation,2025-08-14T21:49:26.309794+00:00,2025-08-14T21:49:26.309794+00:00,,,,,,,,,,,,,,,,,,,NORTH DAKOTA,WHEAT,1952,12.0,BU / ACRE
10,40A0017,1954-06-02,1954,6,48.660833,-97.374722,APPROX_1954,27.1,35.1,19.1,80.0,70,514.0,northern,historical_approximation,2025-08-14T21:49:26.309794+00:00,2025-08-14T21:49:26.309794+00:00,,,,,,,,,,,,,,,,,,,NORTH DAKOTA,WHEAT,1953,10.2,BU / ACRE
11,40A0018,1954-06-03,1954,6,48.688056,-97.388611,APPROX_1954,27.1,35.1,19.1,80.0,70,514.0,northern,historical_approximation,2025-08-14T21:49:26.309794+00:00,2025-08-14T21:49:26.309794+00:00,,,,,,,,,,,,,,,,,,,NORTH DAKOTA,WHEAT,1952,12.0,BU / ACRE
11,40A0018,1954-06-03,1954,6,48.688056,-97.388611,APPROX_1954,27.1,35.1,19.1,80.0,70,514.0,northern,historical_approximation,2025-08-14T21:49:26.309794+00:00,2025-08-14T21:49:26.309794+00:00,,,,,,,,,,,,,,,,,,,NORTH DAKOTA,WHEAT,1953,10.2,BU / ACRE
13,40A0024,1958-07-31,1958,7,48.688023,-102.291962,APPROX_1958,30.2,38.2,22.2,80.0,70,607.0,northern,historical_approximation,2025-08-14T21:49:26.309794+00:00,2025-08-14T21:49:26.309794+00:00,,,,,,,,,,,,,,,,,,,NORTH DAKOTA,WHEAT,1952,12.0,BU / ACRE
13,40A0024,1958-07-31,1958,7,48.688023,-102.291962,APPROX_1958,30.2,38.2,22.2,80.0,70,607.0,northern,historical_approximation,2025-08-14T21:49:26.309794+00:00,2025-08-14T21:49:26.309794+00:00,,,,,,,,,,,,,,,,,,,NORTH DAKOTA,WHEAT,1957,14.3,BU / ACRE
13,40A0024,1958-07-31,1958,7,48.688023,-102.291962,APPROX_1958,30.2,38.2,22.2,80.0,70,607.0,northern,historical_approximation,2025-08-14T21:49:26.309794+00:00,2025-08-14T21:49:26.309794+00:00,,,,,,,,,,,,,,,,,,,NORTH DAKOTA,WHEAT,1957,14.5,BU / ACRE
13,40A0024,1958-07-31,1958,7,48.688023,-102.291962,APPROX_1958,30.2,38.2,22.2,80.0,70,607.0,northern,historical_approximation,2025-08-14T21:49:26.309794+00:00,2025-08-14T21:49:26.309794+00:00,,,,,,,,,,,,,,,,,,,NORTH DAKOTA,WHEAT,1953,10.2,BU / ACRE
14,40A0026,1958-08-01,1958,8,48.6483,-102.190567,APPROX_1958,29.2,37.2,21.2,80.0,70,577.0,northern,historical_approximation,2025-08-14T21:49:26.309794+00:00,2025-08-14T21:49:26.309794+00:00,,,,,,,,,,,,,,,,,,,NORTH DAKOTA,WHEAT,1952,12.0,BU / ACRE
14,40A0026,1958-08-01,1958,8,48.6483,-102.190567,APPROX_1958,29.2,37.2,21.2,80.0,70,577.0,northern,historical_approximation,2025-08-14T21:49:26.309794+00:00,2025-08-14T21:49:26.309794+00:00,,,,,,,,,,,,,,,,,,,NORTH DAKOTA,WHEAT,1957,14.3,BU / ACRE
14,40A0026,1958-08-01,1958,8,48.6483,-102.190567,APPROX_1958,29.2,37.2,21.2,80.0,70,577.0,northern,historical_approximation,2025-08-14T21:49:26.309794+00:00,2025-08-14T21:49:26.309794+00:00,,,,,,,,,,,,,,,,,,,NORTH DAKOTA,WHEAT,1957,14.5,BU / ACRE
14,40A0026,1958-08-01,1958,8,48.6483,-102.190567,APPROX_1958,29.2,37.2,21.2,80.0,70,577.0,northern,historical_approximation,2025-08-14T21:49:26.309794+00:00,2025-08-14T21:49:26.309794+00:00,,,,,,,,,,,,,,,,,,,NORTH DAKOTA,WHEAT,1953,10.2,BU / ACRE
16,40A0034,1956-07-11,1956,7,46.26223,-97.32153,APPROX_1956,32.2,40.2,24.2,48.0,70,665.0,northern,historical_approximation,2025-08-14T21:49:26.309794+00:00,2025-08-14T21:49:26.309794+00:00,,,,,,,,,,,,,,,,,,,NORTH DAKOTA,WHEAT,1952,12.0,BU / ACRE
16,40A0034,1956-07-11,1956,7,46.26223,-97.32153,APPROX_1956,32.2,40.2,24.2,48.0,70,665.0,northern,historical_approximation,2025-08-14T21:49:26.309794+00:00,2025-08-14T21:49:26.309794+00:00,,,,,,,,,,,,,,,,,,,NORTH DAKOTA,WHEAT,1953,10.2,BU / ACRE
17,40A0035,1956-07-11,1956,7,46.26979,-97.3424,APPROX_1956,32.2,40.2,24.2,48.0,70,665.0,northern,historical_approximation,2025-08-14T21:49:26.309794+00:00,2025-08-14T21:49:26.309794+00:00,,,,,,,,,,,,,,,,,,,NORTH DAKOTA,WHEAT,1952,12.0,BU / ACRE
17,40A0035,1956-07-11,1956,7,46.26979,-97.3424,APPROX_1956,32.2,40.2,24.2,48.0,70,665.0,northern,historical_approximation,2025-08-14T21:49:26.309794+00:00,2025-08-14T21:49:26.309794+00:00,,,,,,,,,,,,,,,,,,,NORTH DAKOTA,WHEAT,1953,10.2,BU / ACRE
21,40A0040,1953-08-11,1953,8,47.050833,-96.956389,APPROX_1953,29.1,37.1,21.1,80.0,70,573.0,northern,historical_approximation,2025-08-14T21:49:26.309794+00:00,2025-08-14T21:49:26.309794+00:00,,,,,,,,,,,,,,,,,,,NORTH DAKOTA,WHEAT,1952,12.0,BU / ACRE
21,40A0040,1953-08-11,1953,8,47.050833,-96.956389,APPROX_1953,29.1,37.1,21.1,80.0,70,573.0,northern,historical_approximation,2025-08-14T21:49:26.309794+00:00,2025-08-14T21:49:26.309794+00:00,,,,,,,,,,,,,,,,,,,NORTH DAKOTA,WHEAT,1953,10.2,BU / ACRE
22,40A0041,1953-08-11,1953,8,47.02,-97.000833,APPROX_1953,29.1,37.1,21.1,80.0,70,573.0,northern,historical_approximation,2025-08-14T21:49:26.309794+00:00,2025-08-14T21:49:26.309794+00:00,,,,,,,,,,,,,,,,,,,NORTH DAKOTA,WHEAT,1952,12.0,BU / ACRE
22,40A0041,1953-08-11,1953,8,47.02,-97.000833,APPROX_1953,29.1,37.1,21.1,80.0,70,573.0,northern,historical_approximation,2025-08-14T21:49:26.309794+00:00,2025-08-14T21:49:26.309794+00:00,,,,,,,,,,,,,,,,,,,NORTH DAKOTA,WHEAT,1953,10.2,BU / ACRE
23,40A0042,1954-06-03,1954,6,48.4125,-97.200278,APPROX_1954,27.1,35.1,19.1,80.0,70,514.0,northern,historical_approximation,2025-08-14T21:49:26.309794+00:00,2025-08-14T21:49:26.309794+00:00,,,,,,,,,,,,,,,,,,,NORTH DAKOTA,WHEAT,1952,12.0,BU / ACRE
23,40A0042,1954-06-03,1954,6,48.4125,-97.200278,APPROX_1954,27.1,35.1,19.1,80.0,70,514.0,northern,historical_approximation,2025-08-14T21:49:26.309794+00:00,2025-08-14T21:49:26.309794+00:00,,,,,,,,,,,,,,,,,,,NORTH DAKOTA,WHEAT,1953,10.2,BU / ACRE
24,40A0043,1954-06-03,1954,6,48.382222,-97.215556,APPROX_1954,27.1,35.1,19.1,80.0,70,514.0,northern,historical_approximation,2025-08-14T21:49:26.309794+00:00,2025-08-14T21:49:26.309794+00:00,,,,,,,,,,,,,,,,,,,NORTH DAKOTA,WHEAT,1952,12.0,BU / ACRE
24,40A0043,1954-06-03,1954,6,48.382222,-97.215556,APPROX_1954,27.1,35.1,19.1,80.0,70,514.0,northern,historical_approximation,2025-08-14T21:49:26.309794+00:00,2025-08-14T21:49:26.309794+00:00,,,,,,,,,,,,,,,,,,,NORTH DAKOTA,WHEAT,1953,10.2,BU / ACRE
25,40A0046,1959-08-26,1959,8,46.703869,-98.270683,APPROX_1959,29.3,37.3,21.3,80.0,70,578.0,northern,historical_approximation,2025-08-14T21:49:26.309794+00:00,2025-08-14T21:49:26.309794+00:00,,,,,,,,,,,,,,,,,,,NORTH DAKOTA,BARLEY,1959,8.9,BU / ACRE
25,40A0046,1959-08-26,1959,8,46.703869,-98.270683,APPROX_1959,29.3,37.3,21.3,80.0,70,578.0,northern,historical_approximation,2025-08-14T21:49:26.309794+00:00,2025-08-14T21:49:26.309794+00:00,,,,,,,,,,,,,,,,,,,NORTH DAKOTA,WHEAT,1952,12.0,BU / ACRE
25,40A0046,1959-08-26,1959,8,46.703869,-98.270683,APPROX_1959,29.3,37.3,21.3,80.0,70,578.0,northern,historical_approximation,2025-08-14T21:49:26.309794+00:00,2025-08-14T21:49:26.309794+00:00,,,,,,,,,,,,,,,,,,,NORTH DAKOTA,WHEAT,1957,14.3,BU / ACRE
25,40A0046,1959-08-26,1959,8,46.703869,-98.270683,APPROX_1959,29.3,37.3,21.3,80.0,70,578.0,northern,historical_approximation,2025-08-14T21:49:26.309794+00:00,2025-08-14T21:49:26.309794+00:00,,,,,,,,,,,,,,,,,,,NORTH DAKOTA,WHEAT,1959,12.0,BU / ACRE
25,40A0046,1959-08-26,1959,8,46.703869,-98.270683,APPROX_1959,29.3,37.3,21.3,80.0,70,578.0,northern,historical_approximation,2025-08-14T21:49:26.309794+00:00,2025-08-14T21:49:26.309794+00:00,,,,,,,,,,,,,,,,,,,NORTH DAKOTA,WHEAT,1959,15.9,BU / ACRE
25,40A0046,1959-08-26,1959,8,46.703869,-98.270683,APPROX_1959,29.3,37.3,21.3,80.0,70,578.0,northern,historical_approximation,2025-08-14T21:49:26.309794+00:00,2025-08-14T21:49:26.309794+00:00,,,,,,,,,,,,,,,,,,,NORTH DAKOTA,WHEAT,1957,14.5,BU / ACRE
25,40A0046,1959-08-26,1959,8,46.703869,-98.270683,APPROX_1959,29.3,37.3,21.3,80.0,70,578.0,northern,historical_approximation,2025-08-14T21:49:26.309794+00:00,2025-08-14T21:49:26.309794+00:00,,,,,,,,,,,,,,,,,,,NORTH DAKOTA,WHEAT,1953,10.2,BU / ACRE
26,40A0047,1959-08-26,1959,8,46.776924,-98.265686,APPROX_1959,29.3,37.3,21.3,80.0,70,578.0,northern,historical_approximation,2025-08-14T21:49:26.309794+00:00,2025-08-14T21:49:26.309794+00:00,,,,,,,,,,,,,,,,,,,NORTH DAKOTA,BARLEY,1959,8.9,BU / ACRE
26,40A0047,1959-08-26,1959,8,46.776924,-98.265686,APPROX_1959,29.3,37.3,21.3,80.0,70,578.0,northern,historical_approximation,2025-08-14T21:49:26.309794+00:00,2025-08-14T21:49:26.309794+00:00,,,,,,,,,,,,,,,,,,,NORTH DAKOTA,WHEAT,1952,12.0,BU / ACRE
26,40A0047,1959-08-26,1959,8,46.776924,-98.265686,APPROX_1959,29.3,37.3,21.3,80.0,70,578.0,northern,historical_approximation,2025-08-14T21:49:26.309794+00:00,2025-08-14T21:49:26.309794+00:00,,,,,,,,,,,,,,,,,,,NORTH DAKOTA,WHEAT,1957,14.3,BU / ACRE
26,40A0047,1959-08-26,1959,8,46.776924,-98.265686,APPROX_1959,29.3,37.3,21.3,80.0,70,578.0,northern,historical_approximation,2025-08-14T21:49:26.309794+00:00,2025-08-14T21:49:26.309794+00:00,,,,,,,,,,,,,,,,,,,NORTH DAKOTA,WHEAT,1959,12.0,BU / ACRE
26,40A0047,1959-08-26,1959,8,46.776924,-98.265686,APPROX_1959,29.3,37.3,21.3,80.0,70,578.0,northern,historical_approximation,2025-08-14T21:49:26.309794+00:00,2025-08-14T21:49:26.309794+00:00,,,,,,,,,,,,,,,,,,,NORTH DAKOTA,WHEAT,1959,15.9,BU / ACRE
26,40A0047,1959-08-26,1959,8,46.776924,-98.265686,APPROX_1959,29.3,37.3,21.3,80.0,70,578.0,northern,historical_approximation,2025-08-14T21:49:26.309794+00:00,2025-08-14T21:49:26.309794+00:00,,,,,,,,,,,,,,,,,,,NORTH DAKOTA,WHEAT,1957,14.5,BU / ACRE
26,40A0047,1959-08-26,1959,8,46.776924,-98.265686,APPROX_1959,29.3,37.3,21.3,80.0,70,578.0,northern,historical_approximation,2025-08-14T21:49:26.309794+00:00,2025-08-14T21:49:26.309794+00:00,,,,,,,,,,,,,,,,,,,NORTH DAKOTA,WHEAT,1953,10.2,BU / ACRE
27,40A0048,1953-09-18,1953,9,46.012199,-98.222061,APPROX_1953,25.1,33.1,17.1,80.0,70,453.0,northern,historical_approximation,2025-08-14T21:49:26.309794+00:00,2025-08-14T21:49:26.309794+00:00,,,,,,,,,,,,,,,,,,,NORTH DAKOTA,WHEAT,1952,12.0,BU / ACRE
27,40A0048,1953-09-18,1953,9,46.012199,-98.222061,APPROX_1953,25.1,33.1,17.1,80.0,70,453.0,northern,historical_approximation,2025-08-14T21:49:26.309794+00:00,2025-08-14T21:49:26.309794+00:00,,,,,,,,,,,,,,,,,,,NORTH DAKOTA,WHEAT,1953,10.2,BU / ACRE
28,40A0049,1959-08-22,1959,8,46.326649,-97.637604,APPROX_1959,29.3,37.3,21.3,80.0,70,578.0,northern,historical_approximation,2025-08-14T21:49:26.309794+00:00,2025-08-14T21:49:26.309794+00:00,,,,,,,,,,,,,,,,,,,NORTH DAKOTA,BARLEY,1959,8.9,BU / ACRE
28,40A0049,1959-08-22,1959,8,46.326649,-97.637604,APPROX_1959,29.3,37.3,21.3,80.0,70,578.0,northern,historical_approximation,2025-08-14T21:49:26.309794+00:00,2025-08-14T21:49:26.309794+00:00,,,,,,,,,,,,,,,,,,,NORTH DAKOTA,WHEAT,1952,12.0,BU / ACRE
28,40A0049,1959-08-22,1959,8,46.326649,-97.637604,APPROX_1959,29.3,37.3,21.3,80.0,70,578.0,northern,historical_approximation,2025-08-14T21:49:26.309794+00:00,2025-08-14T21:49:26.309794+00:00,,,,,,,,,,,,,,,,,,,NORTH DAKOTA,WHEAT,1957,14.3,BU / ACRE
28,40A0049,1959-08-22,1959,8,46.326649,-97.637604,APPROX_1959,29.3,37.3,21.3,80.0,70,578.0,northern,historical_approximation,2025-08-14T21:49:26.309794+00:00,2025-08-14T21:49:26.309794+00:00,,,,,,,,,,,,,,,,,,,NORTH DAKOTA,WHEAT,1959,12.0,BU / ACRE
28,40A0049,1959-08-22,1959,8,46.326649,-97.637604,APPROX_1959,29.3,37.3,21.3,80.0,70,578.0,northern,historical_approximation,2025-08-14T21:49:26.309794+00:00,2025-08-14T21:49:26.309794+00:00,,,,,,,,,,,,,,,,,,,NORTH DAKOTA,WHEAT,1959,15.9,BU / ACRE
28,40A0049,1959-08-22,1959,8,46.326649,-97.637604,APPROX_1959,29.3,37.3,21.3,80.0,70,578.0,northern,historical_approximation,2025-08-14T21:49:26.309794+00:00,2025-08-14T21:49:26.309794+00:00,,,,,,,,,,,,,,,,,,,NORTH DAKOTA,WHEAT,1957,14.5,BU / ACRE
28,40A0049,1959-08-22,1959,8,46.326649,-97.637604,APPROX_1959,29.3,37.3,21.3,80.0,70,578.0,northern,historical_approximation,2025-08-14T21:49:26.309794+00:00,2025-08-14T21:49:26.309794+00:00,,,,,,,,,,,,,,,,,,,NORTH DAKOTA,WHEAT,1953,10.2,BU / ACRE
29,40A0050,1956-07-12,1956,7,46.080002,-97.628334,APPROX_1956,32.2,40.2,24.2,48.0,70,665.0,northern,historical_approximation,2025-08-14T21:49:26.309794+00:00,2025-08-14T21:49:26.309794+00:00,,,,,,,,,,,,,,,,,,,NORTH DAKOTA,WHEAT,1952,12.0,BU / ACRE
29,40A0050,1956-07-12,1956,7,46.080002,-97.628334,APPROX_1956,32.2,40.2,24.2,48.0,70,665.0,northern,historical_approximation,2025-08-14T21:49:26.309794+00:00,2025-08-14T21:49:26.309794+00:00,,,,,,,,,,,,,,,,,,,NORTH DAKOTA,WHEAT,1953,10.2,BU / ACRE
30,40A0051,1956-07-10,1956,7,46.078869,-97.573433,APPROX_1956,32.2,40.2,24.2,48.0,70,665.0,northern,historical_approximation,2025-08-14T21:49:26.309794+00:00,2025-08-14T21:49:26.309794+00:00,,,,,,,,,,,,,,,,,,,NORTH DAKOTA,WHEAT,1952,12.0,BU / ACRE
30,40A0051,1956-07-10,1956,7,46.078869,-97.573433,APPROX_1956,32.2,40.2,24.2,48.0,70,665.0,northern,historical_approximation,2025-08-14T21:49:26.309794+00:00,2025-08-14T21:49:26.309794+00:00,,,,,,,,,,,,,,,,,,,NORTH DAKOTA,WHEAT,1953,10.2,BU / ACRE
33,40A0055,1953-09-16,1953,9,47.68861,-100.010002,APPROX_1953,25.1,33.1,17.1,80.0,70,453.0,northern,historical_approximation,2025-08-14T21:49:26.309794+00:00,2025-08-14T21:49:26.309794+00:00,,,,,,,,,,,,,,,,,,,NORTH DAKOTA,WHEAT,1952,12.0,BU / ACRE
33,40A0055,1953-09-16,1953,9,47.68861,-100.010002,APPROX_1953,25.1,33.1,17.1,80.0,70,453.0,northern,historical_approximation,2025-08-14T21:49:26.309794+00:00,2025-08-14T21:49:26.309794+00:00,,,,,,,,,,,,,,,,,,,NORTH DAKOTA,WHEAT,1953,10.2,BU / ACRE
34,40A0056,1953-09-17,1953,9,47.688332,-100.050003,APPROX_1953,25.1,33.1,17.1,80.0,70,453.0,northern,historical_approximation,2025-08-14T21:49:26.309794+00:00,2025-08-14T21:49:26.309794+00:00,,,,,,,,,,,,,,,,,,,NORTH DAKOTA,WHEAT,1952,12.0,BU / ACRE
34,40A0056,1953-09-17,1953,9,47.688332,-100.050003,APPROX_1953,25.1,33.1,17.1,80.0,70,453.0,northern,historical_approximation,2025-08-14T21:49:26.309794+00:00,2025-08-14T21:49:26.309794+00:00,,,,,,,,,,,,,,,,,,,NORTH DAKOTA,WHEAT,1953,10.2,BU / ACRE
35,40A0057,1953-09-15,1953,9,48.574974,-100.364388,APPROX_1953,25.1,33.1,17.1,80.0,70,453.0,northern,historical_approximation,2025-08-14T21:49:26.309794+00:00,2025-08-14T21:49:26.309794+00:00,,,,,,,,,,,,,,,,,,,NORTH DAKOTA,WHEAT,1952,12.0,BU / ACRE
35,40A0057,1953-09-15,1953,9,48.574974,-100.364388,APPROX_1953,25.1,33.1,17.1,80.0,70,453.0,northern,historical_approximation,2025-08-14T21:49:26.309794+00:00,2025-08-14T21:49:26.309794+00:00,,,,,,,,,,,,,,,,,,,NORTH DAKOTA,WHEAT,1953,10.2,BU / ACRE
36,40A0058,1953-09-15,1953,9,48.574696,-100.364662,APPROX_1953,25.1,33.1,17.1,80.0,70,453.0,northern,historical_approximation,2025-08-14T21:49:26.309794+00:00,2025-08-14T21:49:26.309794+00:00,,,,,,,,,,,,,,,,,,,NORTH DAKOTA,WHEAT,1952,12.0,BU / ACRE
36,40A0058,1953-09-15,1953,9,48.574696,-100.364662,APPROX_1953,25.1,33.1,17.1,80.0,70,453.0,northern,historical_approximation,2025-08-14T21:49:26.309794+00:00,2025-08-14T21:49:26.309794+00:00,,,,,,,,,,,,,,,,,,,NORTH DAKOTA,WHEAT,1953,10.2,BU / ACRE
37,40A0059,1953-09-15,1953,9,48.573029,-100.389664,APPROX_1953,25.1,33.1,17.1,80.0,70,453.0,northern,historical_approximation,2025-08-14T21:49:26.309794+00:00,2025-08-14T21:49:26.309794+00:00,,,,,,,,,,,,,,,,,,,NORTH DAKOTA,WHEAT,1952,12.0,BU / ACRE
37,40A0059,1953-09-15,1953,9,48.573029,-100.389664,APPROX_1953,25.1,33.1,17.1,80.0,70,453.0,northern,historical_approximation,2025-08-14T21:49:26.309794+00:00,2025-08-14T21:49:26.309794+00:00,,,,,,,,,,,,,,,,,,,NORTH DAKOTA,WHEAT,1953,10.2,BU / ACRE
38,40A0060,1953-09-15,1953,9,48.573307,-100.390495,APPROX_1953,25.1,33.1,17.1,80.0,70,453.0,northern,historical_approximation,2025-08-14T21:49:26.309794+00:00,2025-08-14T21:49:26.309794+00:00,,,,,,,,,,,,,,,,,,,NORTH DAKOTA,WHEAT,1952,12.0,BU / ACRE
38,40A0060,1953-09-15,1953,9,48.573307,-100.390495,APPROX_1953,25.1,33.1,17.1,80.0,70,453.0,northern,historical_approximation,2025-08-14T21:49:26.309794+00:00,2025-08-14T21:49:26.309794+00:00,,,,,,,,,,,,,,,,,,,NORTH DAKOTA,WHEAT,1953,10.2,BU / ACRE
40,40A0062,1953-09-14,1953,9,48.603031,-100.322159,APPROX_1953,25.1,33.1,17.1,80.0,70,453.0,northern,historical_approximation,2025-08-14T21:49:26.309794+00:00,2025-08-14T21:49:26.309794+00:00,,,,,,,,,,,,,,,,,,,NORTH DAKOTA,WHEAT,1952,12.0,BU / ACRE
40,40A0062,1953-09-14,1953,9,48.603031,-100.322159,APPROX_1953,25.1,33.1,17.1,80.0,70,453.0,northern,historical_approximation,2025-08-14T21:49:26.309794+00:00,2025-08-14T21:49:26.309794+00:00,,,,,,,,,,,,,,,,,,,NORTH DAKOTA,WHEAT,1953,10.2,BU / ACRE
41,40A0063,1953-09-14,1953,9,48.614422,-100.345497,APPROX_1953,25.1,33.1,17.1,80.0,70,453.0,northern,historical_approximation,2025-08-14T21:49:26.309794+00:00,2025-08-14T21:49:26.309794+00:00,,,,,,,,,,,,,,,,,,,NORTH DAKOTA,WHEAT,1952,12.0,BU / ACRE
41,40A0063,1953-09-14,1953,9,48.614422,-100.345497,APPROX_1953,25.1,33.1,17.1,80.0,70,453.0,northern,historical_approximation,2025-08-14T21:49:26.309794+00:00,2025-08-14T21:49:26.309794+00:00,,,,,,,,,,,,,,,,,,,NORTH DAKOTA,WHEAT,1953,10.2,BU / ACRE
42,40A0064,1953-09-15,1953,9,48.02026,-98.31208,APPROX_1953,25.1,33.1,17.1,80.0,70,453.0,northern,historical_approximation,2025-08-14T21:49:26.309794+00:00,2025-08-14T21:49:26.309794+00:00,,,,,,,,,,,,,,,,,,,NORTH DAKOTA,WHEAT,1952,12.0,BU / ACRE
42,40A0064,1953-09-15,1953,9,48.02026,-98.31208,APPROX_1953,25.1,33.1,17.1,80.0,70,453.0,northern,historical_approximation,2025-08-14T21:49:26.309794+00:00,2025-08-14T21:49:26.309794+00:00,,,,,,,,,,,,,,,,,,,NORTH DAKOTA,WHEAT,1953,10.2,BU / ACRE
43,40A0065,1953-09-15,1953,9,48.051369,-98.335693,APPROX_1953,25.1,33.1,17.1,80.0,70,453.0,northern,historical_approximation,2025-08-14T21:49:26.309794+00:00,2025-08-14T21:49:26.309794+00:00,,,,,,,,,,,,,,,,,,,NORTH DAKOTA,WHEAT,1952,12.0,BU / ACRE
43,40A0065,1953-09-15,1953,9,48.051369,-98.335693,APPROX_1953,25.1,33.1,17.1,80.0,70,453.0,northern,historical_approximation,2025-08-14T21:49:26.309794+00:00,2025-08-14T21:49:26.309794+00:00,,,,,,,,,,,,,,,,,,,NORTH DAKOTA,WHEAT,1953,10.2,BU / ACRE
46,40A0069,1956-07-12,1956,7,45.935814,-97.807602,APPROX_1956,32.2,40.2,24.2,48.0,70,665.0,northern,historical_approximation,2025-08-14T21:49:26.309794+00:00,2025-08-14T21:49:26.309794+00:00,,,,,,,,,,,,,,,,,,,NORTH DAKOTA,WHEAT,1952,12.0,BU / ACRE
46,40A0069,1956-07-12,1956,7,45.935814,-97.807602,APPROX_1956,32.2,40.2,24.2,48.0,70,665.0,northern,historical_approximation,2025-08-14T21:49:26.309794+00:00,2025-08-14T21:49:26.309794+00:00,,,,,,,,,,,,,,,,,,,NORTH DAKOTA,WHEAT,1953,10.2,BU / ACRE
47,40A0070,1956-08-08,1956,8,45.949444,-97.862778,APPROX_1956,31.2,39.2,23.2,48.0,70,635.0,northern,historical_approximation,2025-08-14T21:49:26.309794+00:00,2025-08-14T21:49:26.309794+00:00,,,,,,,,,,,,,,,,,,,NORTH DAKOTA,WHEAT,1952,12.0,BU / ACRE
47,40A0070,1956-08-08,1956,8,45.949444,-97.862778,APPROX_1956,31.2,39.2,23.2,48.0,70,635.0,northern,historical_approximation,2025-08-14T21:49:26.309794+00:00,2025-08-14T21:49:26.309794+00:00,,,,,,,,,,,,,,,,,,,NORTH DAKOTA,WHEAT,1953,10.2,BU / ACRE
48,40A0077,1954-06-02,1954,6,46.532645,-97.134306,APPROX_1954,27.1,35.1,19.1,80.0,70,514.0,northern,historical_approximation,2025-08-14T21:49:26.309794+00:00,2025-08-14T21:49:26.309794+00:00,,,,,,,,,,,,,,,,,,,NORTH DAKOTA,WHEAT,1952,12.0,BU / ACRE
48,40A0077,1954-06-02,1954,6,46.532645,-97.134306,APPROX_1954,27.1,35.1,19.1,80.0,70,514.0,northern,historical_approximation,2025-08-14T21:49:26.309794+00:00,2025-08-14T21:49:26.309794+00:00,,,,,,,,,,,,,,,,,,,NORTH DAKOTA,WHEAT,1953,10.2,BU / ACRE
49,40A0078,1954-06-02,1954,6,46.557127,-97.095258,APPROX_1954,27.1,35.1,19.1,80.0,70,514.0,northern,historical_approximation,2025-08-14T21:49:26.309794+00:00,2025-08-14T21:49:26.309794+00:00,,,,,,,,,,,,,,,,,,,NORTH DAKOTA,WHEAT,1952,12.0,BU / ACRE
49,40A0078,1954-06-02,1954,6,46.557127,-97.095258,APPROX_1954,27.1,35.1,19.1,80.0,70,514.0,northern,historical_approximation,2025-08-14T21:49:26.309794+00:00,2025-08-14T21:49:26.309794+00:00,,,,,,,,,,,,,,,,,,,NORTH DAKOTA,WHEAT,1953,10.2,BU / ACRE
50,40A0081,1958-07-14,1958,7,46.861347,-102.902794,APPROX_1958,30.2,38.2,22.2,80.0,70,607.0,northern,historical_approximation,2025-08-14T21:49:26.309794+00:00,2025-08-14T21:49:26.309794+00:00,,,,,,,,,,,,,,,,,,,NORTH DAKOTA,WHEAT,1952,12.0,BU / ACRE
50,40A0081,1958-07-14,1958,7,46.861347,-102.902794,APPROX_1958,30.2,38.2,22.2,80.0,70,607.0,northern,historical_approximation,2025-08-14T21:49:26.309794+00:00,2025-08-14T21:49:26.309794+00:00,,,,,,,,,,,,,,,,,,,NORTH DAKOTA,WHEAT,1957,14.3,BU / ACRE
50,40A0081,1958-07-14,1958,7,46.861347,-102.902794,APPROX_1958,30.2,38.2,22.2,80.0,70,607.0,northern,historical_approximation,2025-08-14T21:49:26.309794+00:00,2025-08-14T21:49:26.309794+00:00,,,,,,,,,,,,,,,,,,,NORTH DAKOTA,WHEAT,1957,14.5,BU / ACRE
50,40A0081,1958-07-14,1958,7,46.861347,-102.902794,APPROX_1958,30.2,38.2,22.2,80.0,70,607.0,northern,historical_approximation,2025-08-14T21:49:26.309794+00:00,2025-08-14T21:49:26.309794+00:00,,,,,,,,,,,,,,,,,,,NORTH DAKOTA,WHEAT,1953,10.2,BU / ACRE
51,40A0082,1958-07-31,1958,7,48.688023,-102.291962,APPROX_1958,30.2,38.2,22.2,80.0,70,607.0,northern,historical_approximation,2025-08-14T21:49:26.309794+00:00,2025-08-14T21:49:26.309794+00:00,,,,,,,,,,,,,,,,,,,NORTH DAKOTA,WHEAT,1952,12.0,BU / ACRE
51,40A0082,1958-07-31,1958,7,48.688023,-102.291962,APPROX_1958,30.2,38.2,22.2,80.0,70,607.0,northern,historical_approximation,2025-08-14T21:49:26.309794+00:00,2025-08-14T21:49:26.309794+00:00,,,,,,,,,,,,,,,,,,,NORTH DAKOTA,WHEAT,1957,14.3,BU / ACRE
51,40A0082,1958-07-31,1958,7,48.688023,-102.291962,APPROX_1958,30.2,38.2,22.2,80.0,70,607.0,northern,historical_approximation,2025-08-14T21:49:26.309794+00:00,2025-08-14T21:49:26.309794+00:00,,,,,,,,,,,,,,,,,,,NORTH DAKOTA,WHEAT,1957,14.5,BU / ACRE
51,40A0082,1958-07-31,1958,7,48.688023,-102.291962,APPROX_1958,30.2,38.2,22.2,80.0,70,607.0,northern,historical_approximation,2025-08-14T21:49:26.309794+00:00,2025-08-14T21:49:26.309794+00:00,,,,,,,,,,,,,,,,,,,NORTH DAKOTA,WHEAT,1953,10.2,BU / ACRE
52,40A0083,1958-08-01,1958,8,48.6483,-102.190567,APPROX_1958,29.2,37.2,21.2,80.0,70,577.0,northern,historical_approximation,2025-08-14T21:49:26.309794+00:00,2025-08-14T21:49:26.309794+00:00,,,,,,,,,,,,,,,,,,,NORTH DAKOTA,WHEAT,1952,12.0,BU / ACRE
52,40A0083,1958-08-01,1958,8,48.6483,-102.190567,APPROX_1958,29.2,37.2,21.2,80.0,70,577.0,northern,historical_approximation,2025-08-14T21:49:26.309794+00:00,2025-08-14T21:49:26.309794+00:00,,,,,,,,,,,,,,,,,,,NORTH DAKOTA,WHEAT,1957,14.3,BU / ACRE
52,40A0083,1958-08-01,1958,8,48.6483,-102.190567,APPROX_1958,29.2,37.2,21.2,80.0,70,577.0,northern,historical_approximation,2025-08-14T21:49:26.309794+00:00,2025-08-14T21:49:26.309794+00:00,,,,,,,,,,,,,,,,,,,NORTH DAKOTA,WHEAT,1957,14.5,BU / ACRE
52,40A0083,1958-08-01,1958,8,48.6483,-102.190567,APPROX_1958,29.2,37.2,21.2,80.0,70,577.0,northern,historical_approximation,2025-08-14T21:49:26.309794+00:00,2025-08-14T21:49:26.309794+00:00,,,,,,,,,,,,,,,,,,,NORTH DAKOTA,WHEAT,1953,10.2,BU / ACRE
53,40A0084,1954-07-20,1954,7,46.60107,-102.652779,APPROX_1954,30.1,38.1,22.1,80.0,70,604.0,northern,historical_approximation,2025-08-14T21:49:26.309794+00:00,2025-08-14T21:49:26.309794+00:00,,,,,,,,,,,,,,,,,,,NORTH DAKOTA,WHEAT,1952,12.0,BU / ACRE
53,40A0084,1954-07-20,1954,7,46.60107,-102.652779,APPROX_1954,30.1,38.1,22.1,80.0,70,604.0,northern,historical_approximation,2025-08-14T21:49:26.309794+00:00,2025-08-14T21:49:26.309794+00:00,,,,,,,,,,,,,,,,,,,NORTH DAKOTA,WHEAT,1953,10.2,BU / ACRE
54,40A0085,1958-07-24,1958,7,46.876347,-102.727234,APPROX_1958,30.2,38.2,22.2,80.0,70,607.0,northern,historical_approximation,2025-08-14T21:49:26.309794+00:00,2025-08-14T21:49:26.309794+00:00,,,,,,,,,,,,,,,,,,,NORTH DAKOTA,WHEAT,1952,12.0,BU / ACRE
54,40A0085,1958-07-24,1958,7,46.876347,-102.727234,APPROX_1958,30.2,38.2,22.2,80.0,70,607.0,northern,historical_approximation,2025-08-14T21:49:26.309794+00:00,2025-08-14T21:49:26.309794+00:00,,,,,,,,,,,,,,,,,,,NORTH DAKOTA,WHEAT,1957,14.3,BU / ACRE
54,40A0085,1958-07-24,1958,7,46.876347,-102.727234,APPROX_1958,30.2,38.2,22.2,80.0,70,607.0,northern,historical_approximation,2025-08-14T21:49:26.309794+00:00,2025-08-14T21:49:26.309794+00:00,,,,,,,,,,,,,,,,,,,NORTH DAKOTA,WHEAT,1957,14.5,BU / ACRE
54,40A0085,1958-07-24,1958,7,46.876347,-102.727234,APPROX_1958,30.2,38.2,22.2,80.0,70,607.0,northern,historical_approximation,2025-08-14T21:49:26.309794+00:00,2025-08-14T21:49:26.309794+00:00,,,,,,,,,,,,,,,,,,,NORTH DAKOTA,WHEAT,1953,10.2,BU / ACRE
55,40A0086,1958-07-24,1958,7,46.963017,-102.617783,APPROX_1958,30.2,38.2,22.2,80.0,70,607.0,northern,historical_approximation,2025-08-14T21:49:26.309794+00:00,2025-08-14T21:49:26.309794+00:00,,,,,,,,,,,,,,,,,,,NORTH DAKOTA,WHEAT,1952,12.0,BU / ACRE
55,40A0086,1958-07-24,1958,7,46.963017,-102.617783,APPROX_1958,30.2,38.2,22.2,80.0,70,607.0,northern,historical_approximation,2025-08-14T21:49:26.309794+00:00,2025-08-14T21:49:26.309794+00:00,,,,,,,,,,,,,,,,,,,NORTH DAKOTA,WHEAT,1957,14.3,BU / ACRE
55,40A0086,1958-07-24,1958,7,46.963017,-102.617783,APPROX_1958,30.2,38.2,22.2,80.0,70,607.0,northern,historical_approximation,2025-08-14T21:49:26.309794+00:00,2025-08-14T21:49:26.309794+00:00,,,,,,,,,,,,,,,,,,,NORTH DAKOTA,WHEAT,1957,14.5,BU / ACRE
55,40A0086,1958-07-24,1958,7,46.963017,-102.617783,APPROX_1958,30.2,38.2,22.2,80.0,70,607.0,northern,historical_approximation,2025-08-14T21:49:26.309794+00:00,2025-08-14T21:49:26.309794+00:00,,,,,,,,,,,,,,,,,,,NORTH DAKOTA,WHEAT,1953,10.2,BU / ACRE
56,40A0087,1953-06-13,1953,6,46.906925,-97.171204,APPROX_1953,27.1,35.1,19.1,80.0,70,513.0,northern,historical_approximation,2025-08-14T21:49:26.309794+00:00,2025-08-14T21:49:26.309794+00:00,,,,,,,,,,,,,,,,,,,NORTH DAKOTA,WHEAT,1952,12.0,BU / ACRE
56,40A0087,1953-06-13,1953,6,46.906925,-97.171204,APPROX_1953,27.1,35.1,19.1,80.0,70,513.0,northern,historical_approximation,2025-08-14T21:49:26.309794+00:00,2025-08-14T21:49:26.309794+00:00,,,,,,,,,,,,,,,,,,,NORTH DAKOTA,WHEAT,1953,10.2,BU / ACRE
57,40A0088,1953-07-07,1953,7,46.874444,-97.186667,APPROX_1953,30.1,38.1,22.1,80.0,70,603.0,northern,historical_approximation,2025-08-14T21:49:26.309794+00:00,2025-08-14T21:49:26.309794+00:00,,,,,,,,,,,,,,,,,,,NORTH DAKOTA,WHEAT,1952,12.0,BU / ACRE
57,40A0088,1953-07-07,1953,7,46.874444,-97.186667,APPROX_1953,30.1,38.1,22.1,80.0,70,603.0,northern,historical_approximation,2025-08-14T21:49:26.309794+00:00,2025-08-14T21:49:26.309794+00:00,,,,,,,,,,,,,,,,,,,NORTH DAKOTA,WHEAT,1953,10.2,BU / ACRE
58,40A0103,1959-08-20,1959,8,46.4275,-97.911111,APPROX_1959,29.3,37.3,21.3,80.0,70,578.0,northern,historical_approximation,2025-08-14T21:49:26.309794+00:00,2025-08-14T21:49:26.309794+00:00,,,,,,,,,,,,,,,,,,,NORTH DAKOTA,BARLEY,1959,8.9,BU / ACRE
58,40A0103,1959-08-20,1959,8,46.4275,-97.911111,APPROX_1959,29.3,37.3,21.3,80.0,70,578.0,northern,historical_approximation,2025-08-14T21:49:26.309794+00:00,2025-08-14T21:49:26.309794+00:00,,,,,,,,,,,,,,,,,,,NORTH DAKOTA,WHEAT,1952,12.0,BU / ACRE
58,40A0103,1959-08-20,1959,8,46.4275,-97.911111,APPROX_1959,29.3,37.3,21.3,80.0,70,578.0,northern,historical_approximation,2025-08-14T21:49:26.309794+00:00,2025-08-14T21:49:26.309794+00:00,,,,,,,,,,,,,,,,,,,NORTH DAKOTA,WHEAT,1957,14.3,BU / ACRE
58,40A0103,1959-08-20,1959,8,46.4275,-97.911111,APPROX_1959,29.3,37.3,21.3,80.0,70,578.0,northern,historical_approximation,2025-08-14T21:49:26.309794+00:00,2025-08-14T21:49:26.309794+00:00,,,,,,,,,,,,,,,,,,,NORTH DAKOTA,WHEAT,1959,12.0,BU / ACRE
58,40A0103,1959-08-20,1959,8,46.4275,-97.911111,APPROX_1959,29.3,37.3,21.3,80.0,70,578.0,northern,historical_approximation,2025-08-14T21:49:26.309794+00:00,2025-08-14T21:49:26.309794+00:00,,,,,,,,,,,,,,,,,,,NORTH DAKOTA,WHEAT,1959,15.9,BU / ACRE
58,40A0103,1959-08-20,1959,8,46.4275,-97.911111,APPROX_1959,29.3,37.3,21.3,80.0,70,578.0,northern,historical_approximation,2025-08-14T21:49:26.309794+00:00,2025-08-14T21:49:26.309794+00:00,,,,,,,,,,,,,,,,,,,NORTH DAKOTA,WHEAT,1957,14.5,BU / ACRE
58,40A0103,1959-08-20,1959,8,46.4275,-97.911111,APPROX_1959,29.3,37.3,21.3,80.0,70,578.0,northern,historical_approximation,2025-08-14T21:49:26.309794+00:00,2025-08-14T21:49:26.309794+00:00,,,,,,,,,,,,,,,,,,,NORTH DAKOTA,WHEAT,1953,10.2,BU / ACRE
63,40A0113,1956-07-10,1956,7,46.1025,-97.531944,APPROX_1956,32.2,40.2,24.2,48.0,70,665.0,northern,historical_approximation,2025-08-14T21:49:26.309794+00:00,2025-08-14T21:49:26.309794+00:00,,,,,,,,,,,,,,,,,,,NORTH DAKOTA,WHEAT,1952,12.0,BU / ACRE
63,40A0113,1956-07-10,1956,7,46.1025,-97.531944,APPROX_1956,32.2,40.2,24.2,48.0,70,665.0,northern,historical_approximation,2025-08-14T21:49:26.309794+00:00,2025-08-14T21:49:26.309794+00:00,,,,,,,,,,,,,,,,,,,NORTH DAKOTA,WHEAT,1953,10.2,BU / ACRE
64,40A0114,1956-07-10,1956,7,46.268611,-97.84,APPROX_1956,32.2,40.2,24.2,48.0,70,665.0,northern,historical_approximation,2025-08-14T21:49:26.309794+00:00,2025-08-14T21:49:26.309794+00:00,,,,,,,,,,,,,,,,,,,NORTH DAKOTA,WHEAT,1952,12.0,BU / ACRE
64,40A0114,1956-07-10,1956,7,46.268611,-97.84,APPROX_1956,32.2,40.2,24.2,48.0,70,665.0,northern,historical_approximation,2025-08-14T21:49:26.309794+00:00,2025-08-14T21:49:26.309794+00:00,,,,,,,,,,,,,,,,,,,NORTH DAKOTA,WHEAT,1953,10.2,BU / ACRE
65,40A0117,1953-07-07,1953,7,47.238888,-97.780556,APPROX_1953,30.1,38.1,22.1,80.0,70,603.0,northern,historical_approximation,2025-08-14T21:49:26.309794+00:00,2025-08-14T21:49:26.309794+00:00,,,,,,,,,,,,,,,,,,,NORTH DAKOTA,WHEAT,1952,12.0,BU / ACRE
65,40A0117,1953-07-07,1953,7,47.238888,-97.780556,APPROX_1953,30.1,38.1,22.1,80.0,70,603.0,northern,historical_approximation,2025-08-14T21:49:26.309794+00:00,2025-08-14T21:49:26.309794+00:00,,,,,,,,,,,,,,,,,,,NORTH DAKOTA,WHEAT,1953,10.2,BU / ACRE
67,40A0141,1955-10-09,1955,10,39.897221,-105.88028,APPROX_1955,24.2,32.2,16.2,35.0,50,428.0,arid,historical_approximation,2025-08-14T21:49:26.309794+00:00,2025-08-14T21:49:26.309794+00:00,,,,,,,,,,,,,,,,,,,COLORADO,WHEAT,1953,12.0,BU / ACRE
67,40A0141,1955-10-09,1955,10,39.897221,-105.88028,APPROX_1955,24.2,32.2,16.2,35.0,50,428.0,arid,historical_approximation,2025-08-14T21:49:26.309794+00:00,2025-08-14T21:49:26.309794+00:00,,,,,,,,,,,,,,,,,,,COLORADO,WHEAT,1953,5.5,BU / ACRE
67,40A0141,1955-10-09,1955,10,39.897221,-105.88028,APPROX_1955,24.2,32.2,16.2,35.0,50,428.0,arid,historical_approximation,2025-08-14T21:49:26.309794+00:00,2025-08-14T21:49:26.309794+00:00,,,,,,,,,,,,,,,,,,,COLORADO,WHEAT,1954,4.0,BU / ACRE
67,40A0141,1955-10-09,1955,10,39.897221,-105.88028,APPROX_1955,24.2,32.2,16.2,35.0,50,428.0,arid,historical_approximation,2025-08-14T21:49:26.309794+00:00,2025-08-14T21:49:26.309794+00:00,,,,,,,,,,,,,,,,,,,COLORADO,WHEAT,1953,21.0,BU / ACRE
67,40A0141,1955-10-09,1955,10,39.897221,-105.88028,APPROX_1955,24.2,32.2,16.2,35.0,50,428.0,arid,historical_approximation,2025-08-14T21:49:26.309794+00:00,2025-08-14T21:49:26.309794+00:00,,,,,,,,,,,,,,,,,,,COLORADO,WHEAT,1949,22.5,BU / ACRE
69,40A0157,1962-08-29,1962,8,48.830483,-109.198319,APPROX_1962,29.4,37.4,21.4,80.0,70,581.0,northern,historical_approximation,2025-08-14T21:49:26.309794+00:00,2025-08-14T21:49:26.309794+00:00,,,,,,,,,,,,,,,,,,,MONTANA,WHEAT,1957,19.0,BU / ACRE
69,40A0157,1962-08-29,1962,8,48.830483,-109.198319,APPROX_1962,29.4,37.4,21.4,80.0,70,581.0,northern,historical_approximation,2025-08-14T21:49:26.309794+00:00,2025-08-14T21:49:26.309794+00:00,,,,,,,,,,,,,,,,,,,MONTANA,CORN,1952,36.0,BU / ACRE
69,40A0157,1962-08-29,1962,8,48.830483,-109.198319,APPROX_1962,29.4,37.4,21.4,80.0,70,581.0,northern,historical_approximation,2025-08-14T21:49:26.309794+00:00,2025-08-14T21:49:26.309794+00:00,,,,,,,,,,,,,,,,,,,MONTANA,WHEAT,1957,45.0,BU / ACRE
69,40A0157,1962-08-29,1962,8,48.830483,-109.198319,APPROX_1962,29.4,37.4,21.4,80.0,70,581.0,northern,historical_approximation,2025-08-14T21:49:26.309794+00:00,2025-08-14T21:49:26.309794+00:00,,,,,,,,,,,,,,,,,,,MONTANA,WHEAT,1956,17.9,BU / ACRE
69,40A0157,1962-08-29,1962,8,48.830483,-109.198319,APPROX_1962,29.4,37.4,21.4,80.0,70,581.0,northern,historical_approximation,2025-08-14T21:49:26.309794+00:00,2025-08-14T21:49:26.309794+00:00,,,,,,,,,,,,,,,,,,,MONTANA,BARLEY,1961,19.0,BU / ACRE
69,40A0157,1962-08-29,1962,8,48.830483,-109.198319,APPROX_1962,29.4,37.4,21.4,80.0,70,581.0,northern,historical_approximation,2025-08-14T21:49:26.309794+00:00,2025-08-14T21:49:26.309794+00:00,,,,,,,,,,,,,,,,,,,MONTANA,WHEAT,1958,24.5,BU / ACRE
69,40A0157,1962-08-29,1962,8,48.830483,-109.198319,APPROX_1962,29.4,37.4,21.4,80.0,70,581.0,northern,historical_approximation,2025-08-14T21:49:26.309794+00:00,2025-08-14T21:49:26.309794+00:00,,,,,,,,,,,,,,,,,,,MONTANA,WHEAT,1959,9.5,BU / ACRE
69,40A0157,1962-08-29,1962,8,48.830483,-109.198319,APPROX_1962,29.4,37.4,21.4,80.0,70,581.0,northern,historical_approximation,2025-08-14T21:49:26.309794+00:00,2025-08-14T21:49:26.309794+00:00,,,,,,,,,,,,,,,,,,,MONTANA,BARLEY,1959,30.3,BU / ACRE
69,40A0157,1962-08-29,1962,8,48.830483,-109.198319,APPROX_1962,29.4,37.4,21.4,80.0,70,581.0,northern,historical_approximation,2025-08-14T21:49:26.309794+00:00,2025-08-14T21:49:26.309794+00:00,,,,,,,,,,,,,,,,,,,MONTANA,WHEAT,1957,22.0,BU / ACRE
69,40A0157,1962-08-29,1962,8,48.830483,-109.198319,APPROX_1962,29.4,37.4,21.4,80.0,70,581.0,northern,historical_approximation,2025-08-14T21:49:26.309794+00:00,2025-08-14T21:49:26.309794+00:00,,,,,,,,,,,,,,,,,,,MONTANA,WHEAT,1961,27.0,BU / ACRE
69,40A0157,1962-08-29,1962,8,48.830483,-109.198319,APPROX_1962,29.4,37.4,21.4,80.0,70,581.0,northern,historical_approximation,2025-08-14T21:49:26.309794+00:00,2025-08-14T21:49:26.309794+00:00,,,,,,,,,,,,,,,,,,,MONTANA,WHEAT,1953,10.5,BU / ACRE
69,40A0157,1962-08-29,1962,8,48.830483,-109.198319,APPROX_1962,29.4,37.4,21.4,80.0,70,581.0,northern,historical_approximation,2025-08-14T21:49:26.309794+00:00,2025-08-14T21:49:26.309794+00:00,,,,,,,,,,,,,,,,,,,MONTANA,WHEAT,1956,27.0,BU / ACRE
69,40A0157,1962-08-29,1962,8,48.830483,-109.198319,APPROX_1962,29.4,37.4,21.4,80.0,70,581.0,northern,historical_approximation,2025-08-14T21:49:26.309794+00:00,2025-08-14T21:49:26.309794+00:00,,,,,,,,,,,,,,,,,,,MONTANA,WHEAT,1954,19.7,BU / ACRE
69,40A0157,1962-08-29,1962,8,48.830483,-109.198319,APPROX_1962,29.4,37.4,21.4,80.0,70,581.0,northern,historical_approximation,2025-08-14T21:49:26.309794+00:00,2025-08-14T21:49:26.309794+00:00,,,,,,,,,,,,,,,,,,,MONTANA,WHEAT,1952,11.9,BU / ACRE
72,40A0161,1963-10-17,1963,10,39.223057,-87.627502,APPROX_1963,22.5,30.5,14.5,52.5,70,376.0,central,historical_approximation,2025-08-14T21:49:26.309794+00:00,2025-08-14T21:49:26.309794+00:00,,,,,,,,,,,,,,,,,,,ILLINOIS,WHEAT,1953,33.0,BU / ACRE
72,40A0161,1963-10-17,1963,10,39.223057,-87.627502,APPROX_1963,22.5,30.5,14.5,52.5,70,376.0,central,historical_approximation,2025-08-14T21:49:26.309794+00:00,2025-08-14T21:49:26.309794+00:00,,,,,,,,,,,,,,,,,,,ILLINOIS,WHEAT,1962,33.0,BU / ACRE
73,40A0163,1958-10-08,1958,10,41.664444,-95.869721,APPROX_1958,22.3,30.3,14.3,52.5,70,370.0,central,historical_approximation,2025-08-14T21:49:26.309794+00:00,2025-08-14T21:49:26.309794+00:00,,,,,,,,,,,,,,,,,,,IOWA,CORN,1949,51.9,BU / ACRE
73,40A0163,1958-10-08,1958,10,41.664444,-95.869721,APPROX_1958,22.3,30.3,14.3,52.5,70,370.0,central,historical_approximation,2025-08-14T21:49:26.309794+00:00,2025-08-14T21:49:26.309794+00:00,,,,,,,,,,,,,,,,,,,IOWA,SOYBEANS,1952,25.7,BU / ACRE
73,40A0163,1958-10-08,1958,10,41.664444,-95.869721,APPROX_1958,22.3,30.3,14.3,52.5,70,370.0,central,historical_approximation,2025-08-14T21:49:26.309794+00:00,2025-08-14T21:49:26.309794+00:00,,,,,,,,,,,,,,,,,,,IOWA,CORN,1955,43.5,BU / ACRE
74,40A0164,2018-10-22,2018,10,32.294281,-106.612847,APPROX_2018,27.4,35.4,19.4,45.0,70,521.0,southern,historical_approximation,2025-08-14T21:49:26.309794+00:00,2025-08-14T21:49:26.309794+00:00,,,,,,,,,,,,,,,,,,,NEW MEXICO,CORN,2005,151.2,BU / ACRE
77,40A0169,2018-10-23,2018,10,32.291089,-106.731083,APPROX_2018,27.4,35.4,19.4,45.0,70,521.0,southern,historical_approximation,2025-08-14T21:49:26.309794+00:00,2025-08-14T21:49:26.309794+00:00,,,,,,,,,,,,,,,,,,,NEW MEXICO,CORN,2005,151.2,BU / ACRE
78,40A0170,1964-11-01,1964,11,40.440028,-88.423111,APPROX_1964,16.6,24.6,8.6,52.5,70,197.0,central,historical_approximation,2025-08-14T21:49:26.309794+00:00,2025-08-14T21:49:26.309794+00:00,,,,,,,,,,,,,,,,,,,ILLINOIS,WHEAT,1962,33.0,BU / ACRE
80,40A0172,2018-10-16,2018,10,32.376967,-106.863533,APPROX_2018,27.4,35.4,19.4,45.0,70,521.0,southern,historical_approximation,2025-08-14T21:49:26.309794+00:00,2025-08-14T21:49:26.309794+00:00,,,,,,,,,,,,,,,,,,,NEW MEXICO,CORN,2005,151.2,BU / ACRE
83,40A0177,1961-09-22,1961,9,45.197777,-90.78083,APPROX_1961,25.3,33.3,17.3,80.0,70,460.0,northern,historical_approximation,2025-08-14T21:49:26.309794+00:00,2025-08-14T21:49:26.309794+00:00,,,,,,,,,,,,,,,,,,,WISCONSIN,CORN,1957,9.0,TONS / ACRE
83,40A0177,1961-09-22,1961,9,45.197777,-90.78083,APPROX_1961,25.3,33.3,17.3,80.0,70,460.0,northern,historical_approximation,2025-08-14T21:49:26.309794+00:00,2025-08-14T21:49:26.309794+00:00,,,,,,,,,,,,,,,,,,,WISCONSIN,BARLEY,1958,45.0,BU / ACRE
84,40A0178,1961-10-26,1961,10,41.439462,-89.076176,APPROX_1961,22.4,30.4,14.4,52.5,70,373.0,central,historical_approximation,2025-08-14T21:49:26.309794+00:00,2025-08-14T21:49:26.309794+00:00,,,,,,,,,,,,,,,,,,,ILLINOIS,WHEAT,1953,33.0,BU / ACRE
84,40A0178,1961-10-26,1961,10,41.439462,-89.076176,APPROX_1961,22.4,30.4,14.4,52.5,70,373.0,central,historical_approximation,2025-08-14T21:49:26.309794+00:00,2025-08-14T21:49:26.309794+00:00,,,,,,,,,,,,,,,,,,,ILLINOIS,WHEAT,1951,17.0,BU / ACRE
86,40A0180,1955-08-01,1955,8,39.917484,-105.884766,APPROX_1955,34.2,42.2,26.2,15.0,50,728.0,arid,historical_approximation,2025-08-14T21:49:26.309794+00:00,2025-08-14T21:49:26.309794+00:00,,,,,,,,,,,,,,,,,,,COLORADO,WHEAT,1953,12.0,BU / ACRE
86,40A0180,1955-08-01,1955,8,39.917484,-105.884766,APPROX_1955,34.2,42.2,26.2,15.0,50,728.0,arid,historical_approximation,2025-08-14T21:49:26.309794+00:00,2025-08-14T21:49:26.309794+00:00,,,,,,,,,,,,,,,,,,,COLORADO,WHEAT,1953,5.5,BU / ACRE
86,40A0180,1955-08-01,1955,8,39.917484,-105.884766,APPROX_1955,34.2,42.2,26.2,15.0,50,728.0,arid,historical_approximation,2025-08-14T21:49:26.309794+00:00,2025-08-14T21:49:26.309794+00:00,,,,,,,,,,,,,,,,,,,COLORADO,WHEAT,1954,4.0,BU / ACRE
86,40A0180,1955-08-01,1955,8,39.917484,-105.884766,APPROX_1955,34.2,42.2,26.2,15.0,50,728.0,arid,historical_approximation,2025-08-14T21:49:26.309794+00:00,2025-08-14T21:49:26.309794+00:00,,,,,,,,,,,,,,,,,,,COLORADO,WHEAT,1953,21.0,BU / ACRE
86,40A0180,1955-08-01,1955,8,39.917484,-105.884766,APPROX_1955,34.2,42.2,26.2,15.0,50,728.0,arid,historical_approximation,2025-08-14T21:49:26.309794+00:00,2025-08-14T21:49:26.309794+00:00,,,,,,,,,,,,,,,,,,,COLORADO,WHEAT,1949,22.5,BU / ACRE
87,40A0182,1956-10-31,1956,10,37.903057,-88.192223,APPROX_1956,24.2,32.2,16.2,31.5,70,427.0,central,historical_approximation,2025-08-14T21:49:26.309794+00:00,2025-08-14T21:49:26.309794+00:00,,,,,,,,,,,,,,,,,,,ILLINOIS,WHEAT,1953,33.0,BU / ACRE
87,40A0182,1956-10-31,1956,10,37.903057,-88.192223,APPROX_1956,24.2,32.2,16.2,31.5,70,427.0,central,historical_approximation,2025-08-14T21:49:26.309794+00:00,2025-08-14T21:49:26.309794+00:00,,,,,,,,,,,,,,,,,,,ILLINOIS,WHEAT,1951,17.0,BU / ACRE
96,40A0190,2018-10-11,2018,10,32.293331,-106.911683,APPROX_2018,27.4,35.4,19.4,45.0,70,521.0,southern,historical_approximation,2025-08-14T21:49:26.309794+00:00,2025-08-14T21:49:26.309794+00:00,,,,,,,,,,,,,,,,,,,NEW MEXICO,CORN,2005,151.2,BU / ACRE
98,40A0192,2018-10-18,2018,10,32.438086,-106.650108,APPROX_2018,27.4,35.4,19.4,45.0,70,521.0,southern,historical_approximation,2025-08-14T21:49:26.309794+00:00,2025-08-14T21:49:26.309794+00:00,,,,,,,,,,,,,,,,,,,NEW MEXICO,CORN,2005,151.2,BU / ACRE
102,40A0196,1970-10-28,1970,10,42.128334,-96.191666,APPROX_1970,22.8,30.8,14.8,52.5,70,384.0,central,historical_approximation,2025-08-14T21:49:27.110712+00:00,2025-08-14T21:49:27.110712+00:00,,,,,,,,,,,,,,,,,,,IOWA,CORN,1968,87.0,BU / ACRE
102,40A0196,1970-10-28,1970,10,42.128334,-96.191666,APPROX_1970,22.8,30.8,14.8,52.5,70,384.0,central,historical_approximation,2025-08-14T21:49:27.110712+00:00,2025-08-14T21:49:27.110712+00:00,,,,,,,,,,,,,,,,,,,IOWA,CORN,1970,85.2,BU / ACRE
102,40A0196,1970-10-28,1970,10,42.128334,-96.191666,APPROX_1970,22.8,30.8,14.8,52.5,70,384.0,central,historical_approximation,2025-08-14T21:49:27.110712+00:00,2025-08-14T21:49:27.110712+00:00,,,,,,,,,,,,,,,,,,,IOWA,SOYBEANS,1964,25.7,BU / ACRE
104,40A0198,1961-03-23,1961,3,40.673611,-95.70417,APPROX_1961,16.4,24.4,8.4,52.5,70,193.0,central,historical_approximation,2025-08-14T21:49:27.110712+00:00,2025-08-14T21:49:27.110712+00:00,,,,,,,,,,,,,,,,,,,IOWA,SOYBEANS,1952,25.7,BU / ACRE
104,40A0198,1961-03-23,1961,3,40.673611,-95.70417,APPROX_1961,16.4,24.4,8.4,52.5,70,193.0,central,historical_approximation,2025-08-14T21:49:27.110712+00:00,2025-08-14T21:49:27.110712+00:00,,,,,,,,,,,,,,,,,,,IOWA,CORN,1955,43.5,BU / ACRE
105,40A0199,2019-05-09,2019,5,32.297011,-106.723506,APPROX_2019,30.4,38.4,22.4,77.0,70,611.0,southern,historical_approximation,2025-08-14T21:49:27.110712+00:00,2025-08-14T21:49:27.110712+00:00,,,,,,,,,,,,,,,,,,,NEW MEXICO,CORN,2005,151.2,BU / ACRE
106,40A0200,1963-06-01,1963,6,37.640278,-99.59333,APPROX_1963,30.5,38.5,22.5,97.5,70,616.0,central,historical_approximation,2025-08-14T21:49:27.110712+00:00,2025-08-14T21:49:27.110712+00:00,,,,,,,,,,,,,,,,,,,KANSAS,WHEAT,1952,15.0,BU / ACRE
114,40A0210,1959-07-17,1959,7,40.681667,-93.266388,APPROX_1959,33.4,41.4,25.4,97.5,70,701.0,central,historical_approximation,2025-08-14T21:49:27.110712+00:00,2025-08-14T21:49:27.110712+00:00,,,,,,,,,,,,,,,,,,,IOWA,CORN,1949,51.9,BU / ACRE
114,40A0210,1959-07-17,1959,7,40.681667,-93.266388,APPROX_1959,33.4,41.4,25.4,97.5,70,701.0,central,historical_approximation,2025-08-14T21:49:27.110712+00:00,2025-08-14T21:49:27.110712+00:00,,,,,,,,,,,,,,,,,,,IOWA,SOYBEANS,1952,25.7,BU / ACRE
114,40A0210,1959-07-17,1959,7,40.681667,-93.266388,APPROX_1959,33.4,41.4,25.4,97.5,70,701.0,central,historical_approximation,2025-08-14T21:49:27.110712+00:00,2025-08-14T21:49:27.110712+00:00,,,,,,,,,,,,,,,,,,,IOWA,CORN,1955,43.5,BU / ACRE
115,40A0211,1961-10-11,1961,10,41.329445,-94.110832,APPROX_1961,22.4,30.4,14.4,52.5,70,373.0,central,historical_approximation,2025-08-14T21:49:27.110712+00:00,2025-08-14T21:49:27.110712+00:00,,,,,,,,,,,,,,,,,,,IOWA,SOYBEANS,1952,25.7,BU / ACRE
115,40A0211,1961-10-11,1961,10,41.329445,-94.110832,APPROX_1961,22.4,30.4,14.4,52.5,70,373.0,central,historical_approximation,2025-08-14T21:49:27.110712+00:00,2025-08-14T21:49:27.110712+00:00,,,,,,,,,,,,,,,,,,,IOWA,CORN,1955,43.5,BU / ACRE
116,40A0212,1957-10-29,1957,10,40.728075,-88.067636,APPROX_1957,22.3,30.3,14.3,52.5,70,368.0,central,historical_approximation,2025-08-14T21:49:27.110712+00:00,2025-08-14T21:49:27.110712+00:00,,,,,,,,,,,,,,,,,,,ILLINOIS,WHEAT,1953,33.0,BU / ACRE
116,40A0212,1957-10-29,1957,10,40.728075,-88.067636,APPROX_1957,22.3,30.3,14.3,52.5,70,368.0,central,historical_approximation,2025-08-14T21:49:27.110712+00:00,2025-08-14T21:49:27.110712+00:00,,,,,,,,,,,,,,,,,,,ILLINOIS,WHEAT,1951,17.0,BU / ACRE
117,40A0213,1958-06-23,1958,6,47.158802,-110.583061,APPROX_1958,27.2,35.2,19.2,80.0,70,517.0,northern,historical_approximation,2025-08-14T21:49:27.110712+00:00,2025-08-14T21:49:27.110712+00:00,,,,,,,,,,,,,,,,,,,MONTANA,WHEAT,1957,19.0,BU / ACRE
117,40A0213,1958-06-23,1958,6,47.158802,-110.583061,APPROX_1958,27.2,35.2,19.2,80.0,70,517.0,northern,historical_approximation,2025-08-14T21:49:27.110712+00:00,2025-08-14T21:49:27.110712+00:00,,,,,,,,,,,,,,,,,,,MONTANA,CORN,1952,36.0,BU / ACRE
117,40A0213,1958-06-23,1958,6,47.158802,-110.583061,APPROX_1958,27.2,35.2,19.2,80.0,70,517.0,northern,historical_approximation,2025-08-14T21:49:27.110712+00:00,2025-08-14T21:49:27.110712+00:00,,,,,,,,,,,,,,,,,,,MONTANA,WHEAT,1950,22.9,BU / ACRE
117,40A0213,1958-06-23,1958,6,47.158802,-110.583061,APPROX_1958,27.2,35.2,19.2,80.0,70,517.0,northern,historical_approximation,2025-08-14T21:49:27.110712+00:00,2025-08-14T21:49:27.110712+00:00,,,,,,,,,,,,,,,,,,,MONTANA,WHEAT,1949,15.4,BU / NET PLANTED ACRE
117,40A0213,1958-06-23,1958,6,47.158802,-110.583061,APPROX_1958,27.2,35.2,19.2,80.0,70,517.0,northern,historical_approximation,2025-08-14T21:49:27.110712+00:00,2025-08-14T21:49:27.110712+00:00,,,,,,,,,,,,,,,,,,,MONTANA,WHEAT,1957,45.0,BU / ACRE
117,40A0213,1958-06-23,1958,6,47.158802,-110.583061,APPROX_1958,27.2,35.2,19.2,80.0,70,517.0,northern,historical_approximation,2025-08-14T21:49:27.110712+00:00,2025-08-14T21:49:27.110712+00:00,,,,,,,,,,,,,,,,,,,MONTANA,WHEAT,1956,17.9,BU / ACRE
117,40A0213,1958-06-23,1958,6,47.158802,-110.583061,APPROX_1958,27.2,35.2,19.2,80.0,70,517.0,northern,historical_approximation,2025-08-14T21:49:27.110712+00:00,2025-08-14T21:49:27.110712+00:00,,,,,,,,,,,,,,,,,,,MONTANA,WHEAT,1958,24.5,BU / ACRE
117,40A0213,1958-06-23,1958,6,47.158802,-110.583061,APPROX_1958,27.2,35.2,19.2,80.0,70,517.0,northern,historical_approximation,2025-08-14T21:49:27.110712+00:00,2025-08-14T21:49:27.110712+00:00,,,,,,,,,,,,,,,,,,,MONTANA,WHEAT,1957,22.0,BU / ACRE
117,40A0213,1958-06-23,1958,6,47.158802,-110.583061,APPROX_1958,27.2,35.2,19.2,80.0,70,517.0,northern,historical_approximation,2025-08-14T21:49:27.110712+00:00,2025-08-14T21:49:27.110712+00:00,,,,,,,,,,,,,,,,,,,MONTANA,WHEAT,1950,20.0,BU / ACRE
117,40A0213,1958-06-23,1958,6,47.158802,-110.583061,APPROX_1958,27.2,35.2,19.2,80.0,70,517.0,northern,historical_approximation,2025-08-14T21:49:27.110712+00:00,2025-08-14T21:49:27.110712+00:00,,,,,,,,,,,,,,,,,,,MONTANA,WHEAT,1953,10.5,BU / ACRE
117,40A0213,1958-06-23,1958,6,47.158802,-110.583061,APPROX_1958,27.2,35.2,19.2,80.0,70,517.0,northern,historical_approximation,2025-08-14T21:49:27.110712+00:00,2025-08-14T21:49:27.110712+00:00,,,,,,,,,,,,,,,,,,,MONTANA,WHEAT,1956,27.0,BU / ACRE
117,40A0213,1958-06-23,1958,6,47.158802,-110.583061,APPROX_1958,27.2,35.2,19.2,80.0,70,517.0,northern,historical_approximation,2025-08-14T21:49:27.110712+00:00,2025-08-14T21:49:27.110712+00:00,,,,,,,,,,,,,,,,,,,MONTANA,WHEAT,1950,14.9,BU / ACRE
117,40A0213,1958-06-23,1958,6,47.158802,-110.583061,APPROX_1958,27.2,35.2,19.2,80.0,70,517.0,northern,historical_approximation,2025-08-14T21:49:27.110712+00:00,2025-08-14T21:49:27.110712+00:00,,,,,,,,,,,,,,,,,,,MONTANA,WHEAT,1954,19.7,BU / ACRE
117,40A0213,1958-06-23,1958,6,47.158802,-110.583061,APPROX_1958,27.2,35.2,19.2,80.0,70,517.0,northern,historical_approximation,2025-08-14T21:49:27.110712+00:00,2025-08-14T21:49:27.110712+00:00,,,,,,,,,,,,,,,,,,,MONTANA,WHEAT,1951,13.1,BU / ACRE
117,40A0213,1958-06-23,1958,6,47.158802,-110.583061,APPROX_1958,27.2,35.2,19.2,80.0,70,517.0,northern,historical_approximation,2025-08-14T21:49:27.110712+00:00,2025-08-14T21:49:27.110712+00:00,,,,,,,,,,,,,,,,,,,MONTANA,WHEAT,1951,9.1,BU / ACRE
117,40A0213,1958-06-23,1958,6,47.158802,-110.583061,APPROX_1958,27.2,35.2,19.2,80.0,70,517.0,northern,historical_approximation,2025-08-14T21:49:27.110712+00:00,2025-08-14T21:49:27.110712+00:00,,,,,,,,,,,,,,,,,,,MONTANA,BARLEY,1950,25.5,BU / ACRE
117,40A0213,1958-06-23,1958,6,47.158802,-110.583061,APPROX_1958,27.2,35.2,19.2,80.0,70,517.0,northern,historical_approximation,2025-08-14T21:49:27.110712+00:00,2025-08-14T21:49:27.110712+00:00,,,,,,,,,,,,,,,,,,,MONTANA,WHEAT,1952,11.9,BU / ACRE
119,40A0216,1959-07-23,1959,7,42.180565,-92.334068,APPROX_1959,33.4,41.4,25.4,97.5,70,701.0,central,historical_approximation,2025-08-14T21:49:27.110712+00:00,2025-08-14T21:49:27.110712+00:00,,,,,,,,,,,,,,,,,,,IOWA,CORN,1949,51.9,BU / ACRE
119,40A0216,1959-07-23,1959,7,42.180565,-92.334068,APPROX_1959,33.4,41.4,25.4,97.5,70,701.0,central,historical_approximation,2025-08-14T21:49:27.110712+00:00,2025-08-14T21:49:27.110712+00:00,,,,,,,,,,,,,,,,,,,IOWA,SOYBEANS,1952,25.7,BU / ACRE
119,40A0216,1959-07-23,1959,7,42.180565,-92.334068,APPROX_1959,33.4,41.4,25.4,97.5,70,701.0,central,historical_approximation,2025-08-14T21:49:27.110712+00:00,2025-08-14T21:49:27.110712+00:00,,,,,,,,,,,,,,,,,,,IOWA,CORN,1955,43.5,BU / ACRE
120,40A0217,1963-10-01,1963,10,41.52972,-95.226944,APPROX_1963,22.5,30.5,14.5,52.5,70,376.0,central,historical_approximation,2025-08-14T21:49:27.110712+00:00,2025-08-14T21:49:27.110712+00:00,,,,,,,,,,,,,,,,,,,IOWA,CORN,1955,43.5,BU / ACRE
121,40A0218,1960-06-01,1960,6,36.809238,-94.854965,APPROX_1960,34.2,42.2,26.2,55.0,70,726.0,southern,historical_approximation,2025-08-14T21:49:27.110712+00:00,2025-08-14T21:49:27.110712+00:00,,,,,,,,,,,,,,,,,,,OKLAHOMA,WHEAT,1960,30.3,BU / ACRE
121,40A0218,1960-06-01,1960,6,36.809238,-94.854965,APPROX_1960,34.2,42.2,26.2,55.0,70,726.0,southern,historical_approximation,2025-08-14T21:49:27.110712+00:00,2025-08-14T21:49:27.110712+00:00,,,,,,,,,,,,,,,,,,,OKLAHOMA,WHEAT,1956,22.6,BU / ACRE
121,40A0218,1960-06-01,1960,6,36.809238,-94.854965,APPROX_1960,34.2,42.2,26.2,55.0,70,726.0,southern,historical_approximation,2025-08-14T21:49:27.110712+00:00,2025-08-14T21:49:27.110712+00:00,,,,,,,,,,,,,,,,,,,OKLAHOMA,BARLEY,1954,25.0,BU / ACRE
122,40A0219,1965-04-21,1965,4,40.262791,-98.390091,APPROX_1965,21.6,29.6,13.6,97.5,70,348.0,central,historical_approximation,2025-08-14T21:49:27.110712+00:00,2025-08-14T21:49:27.110712+00:00,,,,,,,,,,,,,,,,,,,NEBRASKA,WHEAT,1957,30.1,BU / ACRE
122,40A0219,1965-04-21,1965,4,40.262791,-98.390091,APPROX_1965,21.6,29.6,13.6,97.5,70,348.0,central,historical_approximation,2025-08-14T21:49:27.110712+00:00,2025-08-14T21:49:27.110712+00:00,,,,,,,,,,,,,,,,,,,NEBRASKA,BARLEY,1962,26.7,BU / ACRE
122,40A0219,1965-04-21,1965,4,40.262791,-98.390091,APPROX_1965,21.6,29.6,13.6,97.5,70,348.0,central,historical_approximation,2025-08-14T21:49:27.110712+00:00,2025-08-14T21:49:27.110712+00:00,,,,,,,,,,,,,,,,,,,NEBRASKA,WHEAT,1962,21.9,BU / ACRE
122,40A0219,1965-04-21,1965,4,40.262791,-98.390091,APPROX_1965,21.6,29.6,13.6,97.5,70,348.0,central,historical_approximation,2025-08-14T21:49:27.110712+00:00,2025-08-14T21:49:27.110712+00:00,,,,,,,,,,,,,,,,,,,NEBRASKA,CORN,1964,6.5,TONS / ACRE
122,40A0219,1965-04-21,1965,4,40.262791,-98.390091,APPROX_1965,21.6,29.6,13.6,97.5,70,348.0,central,historical_approximation,2025-08-14T21:49:27.110712+00:00,2025-08-14T21:49:27.110712+00:00,,,,,,,,,,,,,,,,,,,NEBRASKA,WHEAT,1956,14.0,BU / ACRE
122,40A0219,1965-04-21,1965,4,40.262791,-98.390091,APPROX_1965,21.6,29.6,13.6,97.5,70,348.0,central,historical_approximation,2025-08-14T21:49:27.110712+00:00,2025-08-14T21:49:27.110712+00:00,,,,,,,,,,,,,,,,,,,NEBRASKA,BARLEY,1963,20.0,BU / ACRE
122,40A0219,1965-04-21,1965,4,40.262791,-98.390091,APPROX_1965,21.6,29.6,13.6,97.5,70,348.0,central,historical_approximation,2025-08-14T21:49:27.110712+00:00,2025-08-14T21:49:27.110712+00:00,,,,,,,,,,,,,,,,,,,NEBRASKA,WHEAT,1958,41.0,BU / ACRE
122,40A0219,1965-04-21,1965,4,40.262791,-98.390091,APPROX_1965,21.6,29.6,13.6,97.5,70,348.0,central,historical_approximation,2025-08-14T21:49:27.110712+00:00,2025-08-14T21:49:27.110712+00:00,,,,,,,,,,,,,,,,,,,NEBRASKA,WHEAT,1956,20.0,BU / ACRE
122,40A0219,1965-04-21,1965,4,40.262791,-98.390091,APPROX_1965,21.6,29.6,13.6,97.5,70,348.0,central,historical_approximation,2025-08-14T21:49:27.110712+00:00,2025-08-14T21:49:27.110712+00:00,,,,,,,,,,,,,,,,,,,NEBRASKA,WHEAT,1965,16.0,BU / ACRE
122,40A0219,1965-04-21,1965,4,40.262791,-98.390091,APPROX_1965,21.6,29.6,13.6,97.5,70,348.0,central,historical_approximation,2025-08-14T21:49:27.110712+00:00,2025-08-14T21:49:27.110712+00:00,,,,,,,,,,,,,,,,,,,NEBRASKA,WHEAT,1958,35.0,BU / ACRE
122,40A0219,1965-04-21,1965,4,40.262791,-98.390091,APPROX_1965,21.6,29.6,13.6,97.5,70,348.0,central,historical_approximation,2025-08-14T21:49:27.110712+00:00,2025-08-14T21:49:27.110712+00:00,,,,,,,,,,,,,,,,,,,NEBRASKA,BARLEY,1959,19.8,BU / ACRE
125,40A0222,1959-05-12,1959,5,37.779999,-96.806946,APPROX_1959,26.4,34.4,18.4,97.5,70,491.0,central,historical_approximation,2025-08-14T21:49:27.110712+00:00,2025-08-14T21:49:27.110712+00:00,,,,,,,,,,,,,,,,,,,KANSAS,WHEAT,1952,15.0,BU / ACRE
130,40A0227,1964-07-22,1964,7,45.537224,-117.071945,APPROX_1964,30.4,38.4,22.4,80.0,70,613.0,northern,historical_approximation,2025-08-14T21:49:27.110712+00:00,2025-08-14T21:49:27.110712+00:00,,,,,,,,,,,,,,,,,,,OREGON,WHEAT,1958,30.0,BU / ACRE
130,40A0227,1964-07-22,1964,7,45.537224,-117.071945,APPROX_1964,30.4,38.4,22.4,80.0,70,613.0,northern,historical_approximation,2025-08-14T21:49:27.110712+00:00,2025-08-14T21:49:27.110712+00:00,,,,,,,,,,,,,,,,,,,OREGON,BARLEY,1954,34.0,BU / ACRE
130,40A0227,1964-07-22,1964,7,45.537224,-117.071945,APPROX_1964,30.4,38.4,22.4,80.0,70,613.0,northern,historical_approximation,2025-08-14T21:49:27.110712+00:00,2025-08-14T21:49:27.110712+00:00,,,,,,,,,,,,,,,,,,,OREGON,WHEAT,1962,26.5,BU / ACRE
130,40A0227,1964-07-22,1964,7,45.537224,-117.071945,APPROX_1964,30.4,38.4,22.4,80.0,70,613.0,northern,historical_approximation,2025-08-14T21:49:27.110712+00:00,2025-08-14T21:49:27.110712+00:00,,,,,,,,,,,,,,,,,,,OREGON,WHEAT,1964,19.5,BU / ACRE
130,40A0227,1964-07-22,1964,7,45.537224,-117.071945,APPROX_1964,30.4,38.4,22.4,80.0,70,613.0,northern,historical_approximation,2025-08-14T21:49:27.110712+00:00,2025-08-14T21:49:27.110712+00:00,,,,,,,,,,,,,,,,,,,OREGON,BARLEY,1958,38.5,BU / ACRE
137,40A0236,1955-07-01,1955,7,31.880741,-81.42733,APPROX_1955,37.1,45.1,29.1,55.0,70,813.0,southern,historical_approximation,2025-08-14T21:49:27.110712+00:00,2025-08-14T21:49:27.110712+00:00,,,,,,,,,,,,,,,,,,,GEORGIA,COTTON,1949,203.0,LB / ACRE
137,40A0236,1955-07-01,1955,7,31.880741,-81.42733,APPROX_1955,37.1,45.1,29.1,55.0,70,813.0,southern,historical_approximation,2025-08-14T21:49:27.110712+00:00,2025-08-14T21:49:27.110712+00:00,,,,,,,,,,,,,,,,,,,GEORGIA,COTTON,1949,247.0,LB / ACRE
138,40A0237,1965-10-20,1965,10,35.365002,-78.547775,APPROX_1965,26.3,34.3,18.3,45.0,70,489.0,southern,historical_approximation,2025-08-14T21:49:27.110712+00:00,2025-08-14T21:49:27.110712+00:00,,,,,,,,,,,,,,,,,,,NORTH CAROLINA,CORN,1956,27.0,BU / ACRE
138,40A0237,1965-10-20,1965,10,35.365002,-78.547775,APPROX_1965,26.3,34.3,18.3,45.0,70,489.0,southern,historical_approximation,2025-08-14T21:49:27.110712+00:00,2025-08-14T21:49:27.110712+00:00,,,,,,,,,,,,,,,,,,,NORTH CAROLINA,COTTON,1959,385.0,LB / ACRE
138,40A0237,1965-10-20,1965,10,35.365002,-78.547775,APPROX_1965,26.3,34.3,18.3,45.0,70,489.0,southern,historical_approximation,2025-08-14T21:49:27.110712+00:00,2025-08-14T21:49:27.110712+00:00,,,,,,,,,,,,,,,,,,,NORTH CAROLINA,CORN,1962,55.0,BU / ACRE
141,40A0242,1958-04-09,1958,4,35.70361,-84.173615,APPROX_1958,25.2,33.2,17.2,55.0,70,455.0,southern,historical_approximation,2025-08-14T21:49:27.110712+00:00,2025-08-14T21:49:27.110712+00:00,,,,,,,,,,,,,,,,,,,TENNESSEE,WHEAT,1952,16.5,BU / ACRE
141,40A0242,1958-04-09,1958,4,35.70361,-84.173615,APPROX_1958,25.2,33.2,17.2,55.0,70,455.0,southern,historical_approximation,2025-08-14T21:49:27.110712+00:00,2025-08-14T21:49:27.110712+00:00,,,,,,,,,,,,,,,,,,,TENNESSEE,WHEAT,1958,18.0,BU / ACRE
141,40A0242,1958-04-09,1958,4,35.70361,-84.173615,APPROX_1958,25.2,33.2,17.2,55.0,70,455.0,southern,historical_approximation,2025-08-14T21:49:27.110712+00:00,2025-08-14T21:49:27.110712+00:00,,,,,,,,,,,,,,,,,,,TENNESSEE,CORN,1955,33.0,BU / ACRE
145,40A0246,2018-10-11,2018,10,32.458869,-106.718625,APPROX_2018,27.4,35.4,19.4,45.0,70,521.0,southern,historical_approximation,2025-08-14T21:49:27.110712+00:00,2025-08-14T21:49:27.110712+00:00,,,,,,,,,,,,,,,,,,,NEW MEXICO,CORN,2005,151.2,BU / ACRE
147,40A0248,2010-02-08,2010,2,29.970556,-94.103889,APPROX_2010,17.2,25.2,9.2,45.0,70,216.0,southern,historical_approximation,2025-08-14T21:49:27.110712+00:00,2025-08-14T21:49:27.110712+00:00,,,,,,,,,,,,,,,,,,,TEXAS,WHEAT,2003,16.3,BU / ACRE
147,40A0248,2010-02-08,2010,2,29.970556,-94.103889,APPROX_2010,17.2,25.2,9.2,45.0,70,216.0,southern,historical_approximation,2025-08-14T21:49:27.110712+00:00,2025-08-14T21:49:27.110712+00:00,,,,,,,,,,,,,,,,,,,TEXAS,WHEAT,2007,24.0,BU / ACRE
147,40A0248,2010-02-08,2010,2,29.970556,-94.103889,APPROX_2010,17.2,25.2,9.2,45.0,70,216.0,southern,historical_approximation,2025-08-14T21:49:27.110712+00:00,2025-08-14T21:49:27.110712+00:00,,,,,,,,,,,,,,,,,,,TEXAS,WHEAT,2002,23.9,BU / ACRE
147,40A0248,2010-02-08,2010,2,29.970556,-94.103889,APPROX_2010,17.2,25.2,9.2,45.0,70,216.0,southern,historical_approximation,2025-08-14T21:49:27.110712+00:00,2025-08-14T21:49:27.110712+00:00,,,,,,,,,,,,,,,,,,,TEXAS,CORN,2007,59.0,BU / ACRE
147,40A0248,2010-02-08,2010,2,29.970556,-94.103889,APPROX_2010,17.2,25.2,9.2,45.0,70,216.0,southern,historical_approximation,2025-08-14T21:49:27.110712+00:00,2025-08-14T21:49:27.110712+00:00,,,,,,,,,,,,,,,,,,,TEXAS,COTTON,2001,214.0,LB / ACRE
147,40A0248,2010-02-08,2010,2,29.970556,-94.103889,APPROX_2010,17.2,25.2,9.2,45.0,70,216.0,southern,historical_approximation,2025-08-14T21:49:27.110712+00:00,2025-08-14T21:49:27.110712+00:00,,,,,,,,,,,,,,,,,,,TEXAS,COTTON,2009,852.0,LB / ACRE
147,40A0248,2010-02-08,2010,2,29.970556,-94.103889,APPROX_2010,17.2,25.2,9.2,45.0,70,216.0,southern,historical_approximation,2025-08-14T21:49:27.110712+00:00,2025-08-14T21:49:27.110712+00:00,,,,,,,,,,,,,,,,,,,TEXAS,CORN,2000,165.6,BU / ACRE
147,40A0248,2010-02-08,2010,2,29.970556,-94.103889,APPROX_2010,17.2,25.2,9.2,45.0,70,216.0,southern,historical_approximation,2025-08-14T21:49:27.110712+00:00,2025-08-14T21:49:27.110712+00:00,,,,,,,,,,,,,,,,,,,TEXAS,SOYBEANS,2007,55.0,BU / ACRE
204,40A0325,2014-10-14,2014,10,39.65778,-75.046387,APPROX_2014,24.6,32.6,16.6,52.5,70,437.0,central,historical_approximation,2025-08-14T21:49:28.154104+00:00,2025-08-14T21:49:28.154104+00:00,,,,,,,,,,,,,,,,,,,NEW JERSEY,WHEAT,1999,55.1,BU / ACRE
206,40A0327,2014-10-16,2014,10,38.991222,-74.93795,APPROX_2014,24.6,32.6,16.6,52.5,70,437.0,central,historical_approximation,2025-08-14T21:49:28.154104+00:00,2025-08-14T21:49:28.154104+00:00,,,,,,,,,,,,,,,,,,,NEW JERSEY,WHEAT,1999,55.1,BU / ACRE
506,40A0679,1977-06-14,1977,6,34.900276,-110.168892,APPROX_1977,34.5,42.5,26.5,55.0,70,736.0,southern,historical_approximation,2025-08-14T21:49:30.315381+00:00,2025-08-14T21:49:30.315381+00:00,,,,,,,,,,,,,,,,,,,ARIZONA,COTTON,1970,371.0,LB / ACRE
507,40A0680,1977-06-15,1977,6,34.968887,-110.37278,APPROX_1977,34.5,42.5,26.5,55.0,70,736.0,southern,historical_approximation,2025-08-14T21:49:30.315381+00:00,2025-08-14T21:49:30.315381+00:00,,,,,,,,,,,,,,,,,,,ARIZONA,COTTON,1970,371.0,LB / ACRE
508,40A0681,1977-06-14,1977,6,34.964443,-110.169167,APPROX_1977,34.5,42.5,26.5,55.0,70,736.0,southern,historical_approximation,2025-08-14T21:49:30.315381+00:00,2025-08-14T21:49:30.315381+00:00,,,,,,,,,,,,,,,,,,,ARIZONA,COTTON,1970,371.0,LB / ACRE
509,40A0682,1977-06-15,1977,6,34.88139,-110.091942,APPROX_1977,34.5,42.5,26.5,55.0,70,736.0,southern,historical_approximation,2025-08-14T21:49:30.315381+00:00,2025-08-14T21:49:30.315381+00:00,,,,,,,,,,,,,,,,,,,ARIZONA,COTTON,1970,371.0,LB / ACRE
510,40A0683,1977-05-01,1977,5,34.869446,-110.075554,APPROX_1977,30.5,38.5,22.5,55.0,70,616.0,southern,historical_approximation,2025-08-14T21:49:30.315381+00:00,2025-08-14T21:49:30.315381+00:00,,,,,,,,,,,,,,,,,,,ARIZONA,COTTON,1970,371.0,LB / ACRE
511,40A0684,1977-06-15,1977,6,34.983334,-109.871666,APPROX_1977,34.5,42.5,26.5,55.0,70,736.0,southern,historical_approximation,2025-08-14T21:49:30.315381+00:00,2025-08-14T21:49:30.315381+00:00,,,,,,,,,,,,,,,,,,,ARIZONA,COTTON,1970,371.0,LB / ACRE
512,40A0685,1977-06-15,1977,6,34.988335,-109.936112,APPROX_1977,34.5,42.5,26.5,55.0,70,736.0,southern,historical_approximation,2025-08-14T21:49:30.315381+00:00,2025-08-14T21:49:30.315381+00:00,,,,,,,,,,,,,,,,,,,ARIZONA,COTTON,1970,371.0,LB / ACRE
513,40A0686,1977-06-16,1977,6,34.698891,-110.022224,APPROX_1977,34.5,42.5,26.5,55.0,70,736.0,southern,historical_approximation,2025-08-14T21:49:30.315381+00:00,2025-08-14T21:49:30.315381+00:00,,,,,,,,,,,,,,,,,,,ARIZONA,COTTON,1970,371.0,LB / ACRE
514,40A0687,1977-06-16,1977,6,34.540554,-110.028336,APPROX_1977,34.5,42.5,26.5,55.0,70,736.0,southern,historical_approximation,2025-08-14T21:49:30.315381+00:00,2025-08-14T21:49:30.315381+00:00,,,,,,,,,,,,,,,,,,,ARIZONA,COTTON,1970,371.0,LB / ACRE
515,40A0688,1977-06-16,1977,6,34.617222,-109.922226,APPROX_1977,34.5,42.5,26.5,55.0,70,736.0,southern,historical_approximation,2025-08-14T21:49:30.315381+00:00,2025-08-14T21:49:30.315381+00:00,,,,,,,,,,,,,,,,,,,ARIZONA,COTTON,1970,371.0,LB / ACRE
525,40A0849,1961-10-24,1961,10,45.648888,-121.555,APPROX_1961,19.3,27.3,11.3,53.3,70,280.0,northern,historical_approximation,2025-08-14T21:49:30.315381+00:00,2025-08-14T21:49:30.315381+00:00,,,,,,,,,,,,,,,,,,,OREGON,WHEAT,1958,30.0,BU / ACRE
525,40A0849,1961-10-24,1961,10,45.648888,-121.555,APPROX_1961,19.3,27.3,11.3,53.3,70,280.0,northern,historical_approximation,2025-08-14T21:49:30.315381+00:00,2025-08-14T21:49:30.315381+00:00,,,,,,,,,,,,,,,,,,,OREGON,BARLEY,1954,34.0,BU / ACRE
525,40A0849,1961-10-24,1961,10,45.648888,-121.555,APPROX_1961,19.3,27.3,11.3,53.3,70,280.0,northern,historical_approximation,2025-08-14T21:49:30.315381+00:00,2025-08-14T21:49:30.315381+00:00,,,,,,,,,,,,,,,,,,,OREGON,BARLEY,1958,38.5,BU / ACRE
544,40A0721,2018-11-15,2018,11,32.275244,-106.883075,APPROX_2018,21.4,29.4,13.4,45.0,70,341.0,southern,historical_approximation,2025-08-14T21:49:30.315381+00:00,2025-08-14T21:49:30.315381+00:00,,,,,,,,,,,,,,,,,,,NEW MEXICO,CORN,2005,151.2,BU / ACRE
545,40A0722,2018-11-15,2018,11,32.275247,-106.883033,APPROX_2018,21.4,29.4,13.4,45.0,70,341.0,southern,historical_approximation,2025-08-14T21:49:30.315381+00:00,2025-08-14T21:49:30.315381+00:00,,,,,,,,,,,,,,,,,,,NEW MEXICO,CORN,2005,151.2,BU / ACRE
546,40A0723,2018-11-14,2018,11,32.258947,-106.872783,APPROX_2018,21.4,29.4,13.4,45.0,70,341.0,southern,historical_approximation,2025-08-14T21:49:30.315381+00:00,2025-08-14T21:49:30.315381+00:00,,,,,,,,,,,,,,,,,,,NEW MEXICO,CORN,2005,151.2,BU / ACRE
547,40A0862,1955-11-02,1955,11,45.899445,-123.114166,APPROX_1955,13.2,21.1,5.2,53.3,70,95.0,northern,historical_approximation,2025-08-14T21:49:30.315381+00:00,2025-08-14T21:49:30.315381+00:00,,,,,,,,,,,,,,,,,,,OREGON,BARLEY,1954,34.0,BU / ACRE
548,40A0729,1967-12-02,1967,12,33.298722,-104.412939,APPROX_1967,16.3,24.3,8.3,45.0,70,190.0,southern,historical_approximation,2025-08-14T21:49:30.315381+00:00,2025-08-14T21:49:30.315381+00:00,,,,,,,,,,,,,,,,,,,NEW MEXICO,WHEAT,1963,12.0,BU / ACRE
549,40A0730,1967-06-01,1967,6,33.244319,-104.304136,APPROX_1967,34.3,42.3,26.3,55.0,70,730.0,southern,historical_approximation,2025-08-14T21:49:30.315381+00:00,2025-08-14T21:49:30.315381+00:00,,,,,,,,,,,,,,,,,,,NEW MEXICO,WHEAT,1963,12.0,BU / ACRE
550,40A0739,2019-03-26,2019,3,32.444361,-106.609164,APPROX_2019,20.4,28.4,12.4,63.0,70,311.0,southern,historical_approximation,2025-08-14T21:49:30.315381+00:00,2025-08-14T21:49:30.315381+00:00,,,,,,,,,,,,,,,,,,,NEW MEXICO,CORN,2005,151.2,BU / ACRE
551,40A0740,2018-10-25,2018,10,32.438844,-106.629189,APPROX_2018,27.4,35.4,19.4,45.0,70,521.0,southern,historical_approximation,2025-08-14T21:49:30.315381+00:00,2025-08-14T21:49:30.315381+00:00,,,,,,,,,,,,,,,,,,,NEW MEXICO,CORN,2005,151.2,BU / ACRE
553,40A0742,2018-10-25,2018,10,32.409617,-106.680444,APPROX_2018,27.4,35.4,19.4,45.0,70,521.0,southern,historical_approximation,2025-08-14T21:49:30.315381+00:00,2025-08-14T21:49:30.315381+00:00,,,,,,,,,,,,,,,,,,,NEW MEXICO,CORN,2005,151.2,BU / ACRE
554,40A0743,2018-10-25,2018,10,32.356597,-106.698028,APPROX_2018,27.4,35.4,19.4,45.0,70,521.0,southern,historical_approximation,2025-08-14T21:49:30.315381+00:00,2025-08-14T21:49:30.315381+00:00,,,,,,,,,,,,,,,,,,,NEW MEXICO,CORN,2005,151.2,BU / ACRE
555,40A0744,2018-11-14,2018,11,32.303172,-106.659531,APPROX_2018,21.4,29.4,13.4,45.0,70,341.0,southern,historical_approximation,2025-08-14T21:49:30.315381+00:00,2025-08-14T21:49:30.315381+00:00,,,,,,,,,,,,,,,,,,,NEW MEXICO,CORN,2005,151.2,BU / ACRE
556,40A0745,2018-11-14,2018,11,32.447319,-106.716917,APPROX_2018,21.4,29.4,13.4,45.0,70,341.0,southern,historical_approximation,2025-08-14T21:49:30.315381+00:00,2025-08-14T21:49:30.315381+00:00,,,,,,,,,,,,,,,,,,,NEW MEXICO,CORN,2005,151.2,BU / ACRE
557,40A0746,2018-11-14,2018,11,32.449528,-106.716469,APPROX_2018,21.4,29.4,13.4,45.0,70,341.0,southern,historical_approximation,2025-08-14T21:49:30.315381+00:00,2025-08-14T21:49:30.315381+00:00,,,,,,,,,,,,,,,,,,,NEW MEXICO,CORN,2005,151.2,BU / ACRE
558,40A0747,2018-11-14,2018,11,32.451428,-106.715911,APPROX_2018,21.4,29.4,13.4,45.0,70,341.0,southern,historical_approximation,2025-08-14T21:49:30.315381+00:00,2025-08-14T21:49:30.315381+00:00,,,,,,,,,,,,,,,,,,,NEW MEXICO,CORN,2005,151.2,BU / ACRE
559,40A0748,2018-11-08,2018,11,32.515514,-106.740097,APPROX_2018,21.4,29.4,13.4,45.0,70,341.0,southern,historical_approximation,2025-08-14T21:49:30.315381+00:00,2025-08-14T21:49:30.315381+00:00,,,,,,,,,,,,,,,,,,,NEW MEXICO,CORN,2005,151.2,BU / ACRE
560,40A0749,2019-01-08,2019,1,32.301739,-106.646483,APPROX_2019,14.4,22.4,6.4,63.0,70,131.0,southern,historical_approximation,2025-08-14T21:49:30.315381+00:00,2025-08-14T21:49:30.315381+00:00,,,,,,,,,,,,,,,,,,,NEW MEXICO,CORN,2005,151.2,BU / ACRE
561,40A0750,2018-11-06,2018,11,32.493292,-106.915339,APPROX_2018,21.4,29.4,13.4,45.0,70,341.0,southern,historical_approximation,2025-08-14T21:49:30.315381+00:00,2025-08-14T21:49:30.315381+00:00,,,,,,,,,,,,,,,,,,,NEW MEXICO,CORN,2005,151.2,BU / ACRE
562,40A0751,2018-11-07,2018,11,32.423453,-106.598678,APPROX_2018,21.4,29.4,13.4,45.0,70,341.0,southern,historical_approximation,2025-08-14T21:49:30.315381+00:00,2025-08-14T21:49:30.315381+00:00,,,,,,,,,,,,,,,,,,,NEW MEXICO,CORN,2005,151.2,BU / ACRE
563,40A0752,2018-11-06,2018,11,32.282925,-106.920394,APPROX_2018,21.4,29.4,13.4,45.0,70,341.0,southern,historical_approximation,2025-08-14T21:49:30.315381+00:00,2025-08-14T21:49:30.315381+00:00,,,,,,,,,,,,,,,,,,,NEW MEXICO,CORN,2005,151.2,BU / ACRE
564,40A0753,2018-11-06,2018,11,32.385958,-106.693072,APPROX_2018,21.4,29.4,13.4,45.0,70,341.0,southern,historical_approximation,2025-08-14T21:49:30.315381+00:00,2025-08-14T21:49:30.315381+00:00,,,,,,,,,,,,,,,,,,,NEW MEXICO,CORN,2005,151.2,BU / ACRE
565,40A0754,2018-11-27,2018,11,32.414147,-106.825147,APPROX_2018,21.4,29.4,13.4,45.0,70,341.0,southern,historical_approximation,2025-08-14T21:49:30.315381+00:00,2025-08-14T21:49:30.315381+00:00,,,,,,,,,,,,,,,,,,,NEW MEXICO,CORN,2005,151.2,BU / ACRE
566,40A0755,2018-11-27,2018,11,32.512944,-106.613525,APPROX_2018,21.4,29.4,13.4,45.0,70,341.0,southern,historical_approximation,2025-08-14T21:49:30.315381+00:00,2025-08-14T21:49:30.315381+00:00,,,,,,,,,,,,,,,,,,,NEW MEXICO,CORN,2005,151.2,BU / ACRE
567,40A0756,2018-11-28,2018,11,32.269758,-106.674942,APPROX_2018,21.4,29.4,13.4,45.0,70,341.0,southern,historical_approximation,2025-08-14T21:49:30.315381+00:00,2025-08-14T21:49:30.315381+00:00,,,,,,,,,,,,,,,,,,,NEW MEXICO,CORN,2005,151.2,BU / ACRE
568,40A0757,2018-10-22,2018,10,32.400539,-106.872375,APPROX_2018,27.4,35.4,19.4,45.0,70,521.0,southern,historical_approximation,2025-08-14T21:49:30.315381+00:00,2025-08-14T21:49:30.315381+00:00,,,,,,,,,,,,,,,,,,,NEW MEXICO,CORN,2005,151.2,BU / ACRE
569,40A0758,2018-11-02,2018,11,32.489739,-106.765781,APPROX_2018,21.4,29.4,13.4,45.0,70,341.0,southern,historical_approximation,2025-08-14T21:49:30.315381+00:00,2025-08-14T21:49:30.315381+00:00,,,,,,,,,,,,,,,,,,,NEW MEXICO,CORN,2005,151.2,BU / ACRE
570,40A0759,2018-10-19,2018,10,32.507756,-106.742781,APPROX_2018,27.4,35.4,19.4,45.0,70,521.0,southern,historical_approximation,2025-08-14T21:49:30.315381+00:00,2025-08-14T21:49:30.315381+00:00,,,,,,,,,,,,,,,,,,,NEW MEXICO,CORN,2005,151.2,BU / ACRE
571,40A0761,2019-03-27,2019,3,32.444697,-106.675364,APPROX_2019,20.4,28.4,12.4,63.0,70,311.0,southern,historical_approximation,2025-08-14T21:49:30.315381+00:00,2025-08-14T21:49:30.315381+00:00,,,,,,,,,,,,,,,,,,,NEW MEXICO,CORN,2005,151.2,BU / ACRE
572,40A0762,2019-03-27,2019,3,32.468664,-106.620108,APPROX_2019,20.4,28.4,12.4,63.0,70,311.0,southern,historical_approximation,2025-08-14T21:49:30.315381+00:00,2025-08-14T21:49:30.315381+00:00,,,,,,,,,,,,,,,,,,,NEW MEXICO,CORN,2005,151.2,BU / ACRE
573,40A0763,2019-02-05,2019,2,32.425178,-106.593606,APPROX_2019,16.4,24.4,8.4,63.0,70,191.0,southern,historical_approximation,2025-08-14T21:49:30.315381+00:00,2025-08-14T21:49:30.315381+00:00,,,,,,,,,,,,,,,,,,,NEW MEXICO,CORN,2005,151.2,BU / ACRE
574,40A0764,2018-10-12,2018,10,32.383264,-106.707678,APPROX_2018,27.4,35.4,19.4,45.0,70,521.0,southern,historical_approximation,2025-08-14T21:49:30.315381+00:00,2025-08-14T21:49:30.315381+00:00,,,,,,,,,,,,,,,,,,,NEW MEXICO,CORN,2005,151.2,BU / ACRE
575,40A0765,2018-11-01,2018,11,32.294558,-106.632614,APPROX_2018,21.4,29.4,13.4,45.0,70,341.0,southern,historical_approximation,2025-08-14T21:49:30.315381+00:00,2025-08-14T21:49:30.315381+00:00,,,,,,,,,,,,,,,,,,,NEW MEXICO,CORN,2005,151.2,BU / ACRE
576,40A0766,2018-11-01,2018,11,32.288675,-106.734742,APPROX_2018,21.4,29.4,13.4,45.0,70,341.0,southern,historical_approximation,2025-08-14T21:49:30.315381+00:00,2025-08-14T21:49:30.315381+00:00,,,,,,,,,,,,,,,,,,,NEW MEXICO,CORN,2005,151.2,BU / ACRE
577,40A0767,2018-10-18,2018,10,32.305214,-106.588656,APPROX_2018,27.4,35.4,19.4,45.0,70,521.0,southern,historical_approximation,2025-08-14T21:49:30.315381+00:00,2025-08-14T21:49:30.315381+00:00,,,,,,,,,,,,,,,,,,,NEW MEXICO,CORN,2005,151.2,BU / ACRE
578,40A0768,2018-10-12,2018,10,32.501836,-106.752639,APPROX_2018,27.4,35.4,19.4,45.0,70,521.0,southern,historical_approximation,2025-08-14T21:49:30.315381+00:00,2025-08-14T21:49:30.315381+00:00,,,,,,,,,,,,,,,,,,,NEW MEXICO,CORN,2005,151.2,BU / ACRE
579,40A0769,2019-03-27,2019,3,32.487853,-106.9153,APPROX_2019,20.4,28.4,12.4,63.0,70,311.0,southern,historical_approximation,2025-08-14T21:49:30.315381+00:00,2025-08-14T21:49:30.315381+00:00,,,,,,,,,,,,,,,,,,,NEW MEXICO,CORN,2005,151.2,BU / ACRE
580,40A0770,2018-11-05,2018,11,32.5155,-106.615475,APPROX_2018,21.4,29.4,13.4,45.0,70,341.0,southern,historical_approximation,2025-08-14T21:49:30.315381+00:00,2025-08-14T21:49:30.315381+00:00,,,,,,,,,,,,,,,,,,,NEW MEXICO,CORN,2005,151.2,BU / ACRE
581,40A0771,2018-10-18,2018,10,32.391994,-106.738586,APPROX_2018,27.4,35.4,19.4,45.0,70,521.0,southern,historical_approximation,2025-08-14T21:49:30.315381+00:00,2025-08-14T21:49:30.315381+00:00,,,,,,,,,,,,,,,,,,,NEW MEXICO,CORN,2005,151.2,BU / ACRE
582,40A0772,2018-10-22,2018,10,32.359839,-106.862247,APPROX_2018,27.4,35.4,19.4,45.0,70,521.0,southern,historical_approximation,2025-08-14T21:49:30.315381+00:00,2025-08-14T21:49:30.315381+00:00,,,,,,,,,,,,,,,,,,,NEW MEXICO,CORN,2005,151.2,BU / ACRE
583,40A0773,2019-05-08,2019,5,32.259269,-106.704386,APPROX_2019,30.4,38.4,22.4,77.0,70,611.0,southern,historical_approximation,2025-08-14T21:49:30.315381+00:00,2025-08-14T21:49:30.315381+00:00,,,,,,,,,,,,,,,,,,,NEW MEXICO,CORN,2005,151.2,BU / ACRE
584,40A0774,2019-05-08,2019,5,32.294175,-106.716456,APPROX_2019,30.4,38.4,22.4,77.0,70,611.0,southern,historical_approximation,2025-08-14T21:49:30.315381+00:00,2025-08-14T21:49:30.315381+00:00,,,,,,,,,,,,,,,,,,,NEW MEXICO,CORN,2005,151.2,BU / ACRE
585,40A0775,2019-01-08,2019,1,32.284156,-106.679444,APPROX_2019,14.4,22.4,6.4,63.0,70,131.0,southern,historical_approximation,2025-08-14T21:49:30.315381+00:00,2025-08-14T21:49:30.315381+00:00,,,,,,,,,,,,,,,,,,,NEW MEXICO,CORN,2005,151.2,BU / ACRE
586,40A0776,2018-10-09,2018,10,32.296514,-106.690853,APPROX_2018,27.4,35.4,19.4,45.0,70,521.0,southern,historical_approximation,2025-08-14T21:49:30.315381+00:00,2025-08-14T21:49:30.315381+00:00,,,,,,,,,,,,,,,,,,,NEW MEXICO,CORN,2005,151.2,BU / ACRE
587,40A0777,2018-10-18,2018,10,32.303778,-106.675142,APPROX_2018,27.4,35.4,19.4,45.0,70,521.0,southern,historical_approximation,2025-08-14T21:49:30.315381+00:00,2025-08-14T21:49:30.315381+00:00,,,,,,,,,,,,,,,,,,,NEW MEXICO,CORN,2005,151.2,BU / ACRE
588,40A0778,2018-10-19,2018,10,32.292294,-106.635314,APPROX_2018,27.4,35.4,19.4,45.0,70,521.0,southern,historical_approximation,2025-08-14T21:49:30.315381+00:00,2025-08-14T21:49:30.315381+00:00,,,,,,,,,,,,,,,,,,,NEW MEXICO,CORN,2005,151.2,BU / ACRE
589,40A0779,2018-10-16,2018,10,32.322181,-106.58635,APPROX_2018,27.4,35.4,19.4,45.0,70,521.0,southern,historical_approximation,2025-08-14T21:49:30.315381+00:00,2025-08-14T21:49:30.315381+00:00,,,,,,,,,,,,,,,,,,,NEW MEXICO,CORN,2005,151.2,BU / ACRE
590,40A0780,2018-10-25,2018,10,32.271081,-106.683958,APPROX_2018,27.4,35.4,19.4,45.0,70,521.0,southern,historical_approximation,2025-08-14T21:49:30.315381+00:00,2025-08-14T21:49:30.315381+00:00,,,,,,,,,,,,,,,,,,,NEW MEXICO,CORN,2005,151.2,BU / ACRE
592,40A0782,2018-11-27,2018,11,32.40041,-106.668625,APPROX_2018,21.4,29.4,13.4,45.0,70,341.0,southern,historical_approximation,2025-08-14T21:49:30.315381+00:00,2025-08-14T21:49:30.315381+00:00,,,,,,,,,,,,,,,,,,,NEW MEXICO,CORN,2005,151.2,BU / ACRE
593,40A0783,2018-10-01,2018,10,32.411047,-106.634133,APPROX_2018,27.4,35.4,19.4,45.0,70,521.0,southern,historical_approximation,2025-08-14T21:49:30.315381+00:00,2025-08-14T21:49:30.315381+00:00,,,,,,,,,,,,,,,,,,,NEW MEXICO,CORN,2005,151.2,BU / ACRE
594,40A0784,2018-11-27,2018,11,32.385761,-106.693047,APPROX_2018,21.4,29.4,13.4,45.0,70,341.0,southern,historical_approximation,2025-08-14T21:49:30.315381+00:00,2025-08-14T21:49:30.315381+00:00,,,,,,,,,,,,,,,,,,,NEW MEXICO,CORN,2005,151.2,BU / ACRE
595,40A0785,2018-11-05,2018,11,32.407428,-106.672006,APPROX_2018,21.4,29.4,13.4,45.0,70,341.0,southern,historical_approximation,2025-08-14T21:49:30.315381+00:00,2025-08-14T21:49:30.315381+00:00,,,,,,,,,,,,,,,,,,,NEW MEXICO,CORN,2005,151.2,BU / ACRE
596,40A0786,2018-10-16,2018,10,32.437322,-106.594606,APPROX_2018,27.4,35.4,19.4,45.0,70,521.0,southern,historical_approximation,2025-08-14T21:49:30.315381+00:00,2025-08-14T21:49:30.315381+00:00,,,,,,,,,,,,,,,,,,,NEW MEXICO,CORN,2005,151.2,BU / ACRE
597,40A1000,1958-10-06,1958,10,46.136112,-117.989723,APPROX_1958,19.2,27.2,11.2,53.3,70,277.0,northern,historical_approximation,2025-08-14T21:49:30.315381+00:00,2025-08-14T21:49:30.315381+00:00,,,,,,,,,,,,,,,,,,,WASHINGTON,BARLEY,1954,37.0,BU / ACRE
598,40A0787,2018-10-17,2018,10,32.433286,-106.579231,APPROX_2018,27.4,35.4,19.4,45.0,70,521.0,southern,historical_approximation,2025-08-14T21:49:30.315381+00:00,2025-08-14T21:49:30.315381+00:00,,,,,,,,,,,,,,,,,,,NEW MEXICO,CORN,2005,151.2,BU / ACRE
599,40A0788,1970-04-06,1970,4,32.436798,-106.590012,APPROX_1970,25.4,33.4,17.4,55.0,70,462.0,southern,historical_approximation,2025-08-14T21:49:30.315381+00:00,2025-08-14T21:49:30.315381+00:00,,,,,,,,,,,,,,,,,,,NEW MEXICO,WHEAT,1963,12.0,BU / ACRE
600,40A0789,2019-03-28,2019,3,32.449539,-106.709014,APPROX_2019,20.4,28.4,12.4,63.0,70,311.0,southern,historical_approximation,2025-08-14T21:49:30.315381+00:00,2025-08-14T21:49:30.315381+00:00,,,,,,,,,,,,,,,,,,,NEW MEXICO,CORN,2005,151.2,BU / ACRE
601,40A0790,2018-11-07,2018,11,32.450003,-106.709308,APPROX_2018,21.4,29.4,13.4,45.0,70,341.0,southern,historical_approximation,2025-08-14T21:49:31.013026+00:00,2025-08-14T21:49:31.013026+00:00,,,,,,,,,,,,,,,,,,,NEW MEXICO,CORN,2005,151.2,BU / ACRE
602,40A0791,2018-10-16,2018,10,32.449558,-106.709597,APPROX_2018,27.4,35.4,19.4,45.0,70,521.0,southern,historical_approximation,2025-08-14T21:49:31.013026+00:00,2025-08-14T21:49:31.013026+00:00,,,,,,,,,,,,,,,,,,,NEW MEXICO,CORN,2005,151.2,BU / ACRE
603,40A0792,2018-10-17,2018,10,32.451342,-106.708472,APPROX_2018,27.4,35.4,19.4,45.0,70,521.0,southern,historical_approximation,2025-08-14T21:49:31.013026+00:00,2025-08-14T21:49:31.013026+00:00,,,,,,,,,,,,,,,,,,,NEW MEXICO,CORN,2005,151.2,BU / ACRE
604,40A0793,2019-03-28,2019,3,32.451786,-106.708322,APPROX_2019,20.4,28.4,12.4,63.0,70,311.0,southern,historical_approximation,2025-08-14T21:49:31.013026+00:00,2025-08-14T21:49:31.013026+00:00,,,,,,,,,,,,,,,,,,,NEW MEXICO,CORN,2005,151.2,BU / ACRE
605,40A0794,2018-10-18,2018,10,32.468978,-106.681442,APPROX_2018,27.4,35.4,19.4,45.0,70,521.0,southern,historical_approximation,2025-08-14T21:49:31.013026+00:00,2025-08-14T21:49:31.013026+00:00,,,,,,,,,,,,,,,,,,,NEW MEXICO,CORN,2005,151.2,BU / ACRE
606,40A0795,2018-10-16,2018,10,32.475158,-106.659636,APPROX_2018,27.4,35.4,19.4,45.0,70,521.0,southern,historical_approximation,2025-08-14T21:49:31.013026+00:00,2025-08-14T21:49:31.013026+00:00,,,,,,,,,,,,,,,,,,,NEW MEXICO,CORN,2005,151.2,BU / ACRE
607,40A0863,1955-11-02,1955,11,45.912499,-123.095833,APPROX_1955,13.2,21.1,5.2,53.3,70,95.0,northern,historical_approximation,2025-08-14T21:49:31.013026+00:00,2025-08-14T21:49:31.013026+00:00,,,,,,,,,,,,,,,,,,,OREGON,BARLEY,1954,34.0,BU / ACRE
608,40A0796,2007-07-23,2007,7,32.487878,-106.699861,APPROX_2007,38.1,46.1,30.1,55.0,70,844.0,southern,historical_approximation,2025-08-14T21:49:31.013026+00:00,2025-08-14T21:49:31.013026+00:00,,,,,,,,,,,,,,,,,,,NEW MEXICO,CORN,2005,151.2,BU / ACRE
608,40A0796,2007-07-23,2007,7,32.487878,-106.699861,APPROX_2007,38.1,46.1,30.1,55.0,70,844.0,southern,historical_approximation,2025-08-14T21:49:31.013026+00:00,2025-08-14T21:49:31.013026+00:00,,,,,,,,,,,,,,,,,,,NEW MEXICO,CORN,2004,26.0,TONS / ACRE
609,40A0797,2018-12-07,2018,12,32.474886,-106.710853,APPROX_2018,17.4,25.4,9.4,45.0,70,221.0,southern,historical_approximation,2025-08-14T21:49:31.013026+00:00,2025-08-14T21:49:31.013026+00:00,,,,,,,,,,,,,,,,,,,NEW MEXICO,CORN,2005,151.2,BU / ACRE
610,40A0798,2019-03-27,2019,3,32.474631,-106.716381,APPROX_2019,20.4,28.4,12.4,63.0,70,311.0,southern,historical_approximation,2025-08-14T21:49:31.013026+00:00,2025-08-14T21:49:31.013026+00:00,,,,,,,,,,,,,,,,,,,NEW MEXICO,CORN,2005,151.2,BU / ACRE
611,40A0799,2018-11-05,2018,11,32.511797,-106.625522,APPROX_2018,21.4,29.4,13.4,45.0,70,341.0,southern,historical_approximation,2025-08-14T21:49:31.013026+00:00,2025-08-14T21:49:31.013026+00:00,,,,,,,,,,,,,,,,,,,NEW MEXICO,CORN,2005,151.2,BU / ACRE
612,40A0800,2018-10-05,2018,10,32.513092,-106.609056,APPROX_2018,27.4,35.4,19.4,45.0,70,521.0,southern,historical_approximation,2025-08-14T21:49:31.013026+00:00,2025-08-14T21:49:31.013026+00:00,,,,,,,,,,,,,,,,,,,NEW MEXICO,CORN,2005,151.2,BU / ACRE
613,40A0801,2018-11-01,2018,11,32.488069,-106.584497,APPROX_2018,21.4,29.4,13.4,45.0,70,341.0,southern,historical_approximation,2025-08-14T21:49:31.013026+00:00,2025-08-14T21:49:31.013026+00:00,,,,,,,,,,,,,,,,,,,NEW MEXICO,CORN,2005,151.2,BU / ACRE
614,40A0802,2018-10-19,2018,10,32.474872,-106.724389,APPROX_2018,27.4,35.4,19.4,45.0,70,521.0,southern,historical_approximation,2025-08-14T21:49:31.013026+00:00,2025-08-14T21:49:31.013026+00:00,,,,,,,,,,,,,,,,,,,NEW MEXICO,CORN,2005,151.2,BU / ACRE
615,40A0803,2018-11-27,2018,11,32.533069,-106.737775,APPROX_2018,21.4,29.4,13.4,45.0,70,341.0,southern,historical_approximation,2025-08-14T21:49:31.013026+00:00,2025-08-14T21:49:31.013026+00:00,,,,,,,,,,,,,,,,,,,NEW MEXICO,CORN,2005,151.2,BU / ACRE
616,40A0804,2018-11-27,2018,11,32.513622,-106.734697,APPROX_2018,21.4,29.4,13.4,45.0,70,341.0,southern,historical_approximation,2025-08-14T21:49:31.013026+00:00,2025-08-14T21:49:31.013026+00:00,,,,,,,,,,,,,,,,,,,NEW MEXICO,CORN,2005,151.2,BU / ACRE
617,40A0805,2018-10-18,2018,10,32.265925,-106.881514,APPROX_2018,27.4,35.4,19.4,45.0,70,521.0,southern,historical_approximation,2025-08-14T21:49:31.013026+00:00,2025-08-14T21:49:31.013026+00:00,,,,,,,,,,,,,,,,,,,NEW MEXICO,CORN,2005,151.2,BU / ACRE
618,40A0806,2018-11-07,2018,11,32.266175,-106.887136,APPROX_2018,21.4,29.4,13.4,45.0,70,341.0,southern,historical_approximation,2025-08-14T21:49:31.013026+00:00,2025-08-14T21:49:31.013026+00:00,,,,,,,,,,,,,,,,,,,NEW MEXICO,CORN,2005,151.2,BU / ACRE
619,40A0807,2018-11-08,2018,11,32.2933,-106.911428,APPROX_2018,21.4,29.4,13.4,45.0,70,341.0,southern,historical_approximation,2025-08-14T21:49:31.013026+00:00,2025-08-14T21:49:31.013026+00:00,,,,,,,,,,,,,,,,,,,NEW MEXICO,CORN,2005,151.2,BU / ACRE
620,40A0808,2018-11-28,2018,11,32.519853,-106.697814,APPROX_2018,21.4,29.4,13.4,45.0,70,341.0,southern,historical_approximation,2025-08-14T21:49:31.013026+00:00,2025-08-14T21:49:31.013026+00:00,,,,,,,,,,,,,,,,,,,NEW MEXICO,CORN,2005,151.2,BU / ACRE
621,40A0809,2018-11-08,2018,11,32.723372,-107.098586,APPROX_2018,21.4,29.4,13.4,45.0,70,341.0,southern,historical_approximation,2025-08-14T21:49:31.013026+00:00,2025-08-14T21:49:31.013026+00:00,,,,,,,,,,,,,,,,,,,NEW MEXICO,CORN,2005,151.2,BU / ACRE
622,40A0810,2018-12-06,2018,12,32.723467,-107.098739,APPROX_2018,17.4,25.4,9.4,45.0,70,221.0,southern,historical_approximation,2025-08-14T21:49:31.013026+00:00,2025-08-14T21:49:31.013026+00:00,,,,,,,,,,,,,,,,,,,NEW MEXICO,CORN,2005,151.2,BU / ACRE
623,40A0811,2018-12-06,2018,12,32.723547,-107.098856,APPROX_2018,17.4,25.4,9.4,45.0,70,221.0,southern,historical_approximation,2025-08-14T21:49:31.013026+00:00,2025-08-14T21:49:31.013026+00:00,,,,,,,,,,,,,,,,,,,NEW MEXICO,CORN,2005,151.2,BU / ACRE
624,40A0814,2018-11-09,2018,11,32.723794,-107.098628,APPROX_2018,21.4,29.4,13.4,45.0,70,341.0,southern,historical_approximation,2025-08-14T21:49:31.013026+00:00,2025-08-14T21:49:31.013026+00:00,,,,,,,,,,,,,,,,,,,NEW MEXICO,CORN,2005,151.2,BU / ACRE
625,40A0816,2018-12-06,2018,12,32.723006,-107.098875,APPROX_2018,17.4,25.4,9.4,45.0,70,221.0,southern,historical_approximation,2025-08-14T21:49:31.013026+00:00,2025-08-14T21:49:31.013026+00:00,,,,,,,,,,,,,,,,,,,NEW MEXICO,CORN,2005,151.2,BU / ACRE
626,40A0818,1962-10-29,1962,10,45.107498,-123.044167,APPROX_1962,19.4,27.4,11.4,53.3,70,281.0,northern,historical_approximation,2025-08-14T21:49:31.013026+00:00,2025-08-14T21:49:31.013026+00:00,,,,,,,,,,,,,,,,,,,OREGON,WHEAT,1958,30.0,BU / ACRE
626,40A0818,1962-10-29,1962,10,45.107498,-123.044167,APPROX_1962,19.4,27.4,11.4,53.3,70,281.0,northern,historical_approximation,2025-08-14T21:49:31.013026+00:00,2025-08-14T21:49:31.013026+00:00,,,,,,,,,,,,,,,,,,,OREGON,BARLEY,1954,34.0,BU / ACRE
626,40A0818,1962-10-29,1962,10,45.107498,-123.044167,APPROX_1962,19.4,27.4,11.4,53.3,70,281.0,northern,historical_approximation,2025-08-14T21:49:31.013026+00:00,2025-08-14T21:49:31.013026+00:00,,,,,,,,,,,,,,,,,,,OREGON,WHEAT,1962,26.5,BU / ACRE
626,40A0818,1962-10-29,1962,10,45.107498,-123.044167,APPROX_1962,19.4,27.4,11.4,53.3,70,281.0,northern,historical_approximation,2025-08-14T21:49:31.013026+00:00,2025-08-14T21:49:31.013026+00:00,,,,,,,,,,,,,,,,,,,OREGON,BARLEY,1958,38.5,BU / ACRE
627,40A0819,1962-10-29,1962,10,45.115276,-123.010002,APPROX_1962,19.4,27.4,11.4,53.3,70,281.0,northern,historical_approximation,2025-08-14T21:49:31.013026+00:00,2025-08-14T21:49:31.013026+00:00,,,,,,,,,,,,,,,,,,,OREGON,WHEAT,1958,30.0,BU / ACRE
627,40A0819,1962-10-29,1962,10,45.115276,-123.010002,APPROX_1962,19.4,27.4,11.4,53.3,70,281.0,northern,historical_approximation,2025-08-14T21:49:31.013026+00:00,2025-08-14T21:49:31.013026+00:00,,,,,,,,,,,,,,,,,,,OREGON,BARLEY,1954,34.0,BU / ACRE
627,40A0819,1962-10-29,1962,10,45.115276,-123.010002,APPROX_1962,19.4,27.4,11.4,53.3,70,281.0,northern,historical_approximation,2025-08-14T21:49:31.013026+00:00,2025-08-14T21:49:31.013026+00:00,,,,,,,,,,,,,,,,,,,OREGON,WHEAT,1962,26.5,BU / ACRE
627,40A0819,1962-10-29,1962,10,45.115276,-123.010002,APPROX_1962,19.4,27.4,11.4,53.3,70,281.0,northern,historical_approximation,2025-08-14T21:49:31.013026+00:00,2025-08-14T21:49:31.013026+00:00,,,,,,,,,,,,,,,,,,,OREGON,BARLEY,1958,38.5,BU / ACRE
628,40A0820,1962-10-31,1962,10,44.517777,-123.095833,APPROX_1962,24.6,32.6,16.6,35.0,50,438.0,arid,historical_approximation,2025-08-14T21:49:31.013026+00:00,2025-08-14T21:49:31.013026+00:00,,,,,,,,,,,,,,,,,,,OREGON,WHEAT,1958,30.0,BU / ACRE
628,40A0820,1962-10-31,1962,10,44.517777,-123.095833,APPROX_1962,24.6,32.6,16.6,35.0,50,438.0,arid,historical_approximation,2025-08-14T21:49:31.013026+00:00,2025-08-14T21:49:31.013026+00:00,,,,,,,,,,,,,,,,,,,OREGON,BARLEY,1954,34.0,BU / ACRE
628,40A0820,1962-10-31,1962,10,44.517777,-123.095833,APPROX_1962,24.6,32.6,16.6,35.0,50,438.0,arid,historical_approximation,2025-08-14T21:49:31.013026+00:00,2025-08-14T21:49:31.013026+00:00,,,,,,,,,,,,,,,,,,,OREGON,WHEAT,1962,26.5,BU / ACRE
628,40A0820,1962-10-31,1962,10,44.517777,-123.095833,APPROX_1962,24.6,32.6,16.6,35.0,50,438.0,arid,historical_approximation,2025-08-14T21:49:31.013026+00:00,2025-08-14T21:49:31.013026+00:00,,,,,,,,,,,,,,,,,,,OREGON,BARLEY,1958,38.5,BU / ACRE
629,40A0821,1962-10-31,1962,10,44.448891,-123.150833,APPROX_1962,24.6,32.6,16.6,35.0,50,438.0,arid,historical_approximation,2025-08-14T21:49:31.013026+00:00,2025-08-14T21:49:31.013026+00:00,,,,,,,,,,,,,,,,,,,OREGON,WHEAT,1958,30.0,BU / ACRE
629,40A0821,1962-10-31,1962,10,44.448891,-123.150833,APPROX_1962,24.6,32.6,16.6,35.0,50,438.0,arid,historical_approximation,2025-08-14T21:49:31.013026+00:00,2025-08-14T21:49:31.013026+00:00,,,,,,,,,,,,,,,,,,,OREGON,BARLEY,1954,34.0,BU / ACRE
629,40A0821,1962-10-31,1962,10,44.448891,-123.150833,APPROX_1962,24.6,32.6,16.6,35.0,50,438.0,arid,historical_approximation,2025-08-14T21:49:31.013026+00:00,2025-08-14T21:49:31.013026+00:00,,,,,,,,,,,,,,,,,,,OREGON,WHEAT,1962,26.5,BU / ACRE
629,40A0821,1962-10-31,1962,10,44.448891,-123.150833,APPROX_1962,24.6,32.6,16.6,35.0,50,438.0,arid,historical_approximation,2025-08-14T21:49:31.013026+00:00,2025-08-14T21:49:31.013026+00:00,,,,,,,,,,,,,,,,,,,OREGON,BARLEY,1958,38.5,BU / ACRE
630,40A0822,1962-11-01,1962,11,44.261391,-121.120277,APPROX_1962,18.6,26.6,10.6,35.0,50,258.0,arid,historical_approximation,2025-08-14T21:49:31.013026+00:00,2025-08-14T21:49:31.013026+00:00,,,,,,,,,,,,,,,,,,,OREGON,WHEAT,1958,30.0,BU / ACRE
630,40A0822,1962-11-01,1962,11,44.261391,-121.120277,APPROX_1962,18.6,26.6,10.6,35.0,50,258.0,arid,historical_approximation,2025-08-14T21:49:31.013026+00:00,2025-08-14T21:49:31.013026+00:00,,,,,,,,,,,,,,,,,,,OREGON,BARLEY,1954,34.0,BU / ACRE
630,40A0822,1962-11-01,1962,11,44.261391,-121.120277,APPROX_1962,18.6,26.6,10.6,35.0,50,258.0,arid,historical_approximation,2025-08-14T21:49:31.013026+00:00,2025-08-14T21:49:31.013026+00:00,,,,,,,,,,,,,,,,,,,OREGON,WHEAT,1962,26.5,BU / ACRE
630,40A0822,1962-11-01,1962,11,44.261391,-121.120277,APPROX_1962,18.6,26.6,10.6,35.0,50,258.0,arid,historical_approximation,2025-08-14T21:49:31.013026+00:00,2025-08-14T21:49:31.013026+00:00,,,,,,,,,,,,,,,,,,,OREGON,BARLEY,1958,38.5,BU / ACRE
631,40A0823,1962-11-02,1962,11,44.264168,-121.147781,APPROX_1962,18.6,26.6,10.6,35.0,50,258.0,arid,historical_approximation,2025-08-14T21:49:31.013026+00:00,2025-08-14T21:49:31.013026+00:00,,,,,,,,,,,,,,,,,,,OREGON,WHEAT,1958,30.0,BU / ACRE
631,40A0823,1962-11-02,1962,11,44.264168,-121.147781,APPROX_1962,18.6,26.6,10.6,35.0,50,258.0,arid,historical_approximation,2025-08-14T21:49:31.013026+00:00,2025-08-14T21:49:31.013026+00:00,,,,,,,,,,,,,,,,,,,OREGON,BARLEY,1954,34.0,BU / ACRE
631,40A0823,1962-11-02,1962,11,44.264168,-121.147781,APPROX_1962,18.6,26.6,10.6,35.0,50,258.0,arid,historical_approximation,2025-08-14T21:49:31.013026+00:00,2025-08-14T21:49:31.013026+00:00,,,,,,,,,,,,,,,,,,,OREGON,WHEAT,1962,26.5,BU / ACRE
631,40A0823,1962-11-02,1962,11,44.264168,-121.147781,APPROX_1962,18.6,26.6,10.6,35.0,50,258.0,arid,historical_approximation,2025-08-14T21:49:31.013026+00:00,2025-08-14T21:49:31.013026+00:00,,,,,,,,,,,,,,,,,,,OREGON,BARLEY,1958,38.5,BU / ACRE
632,40A0824,1962-10-30,1962,10,45.249722,-122.942497,APPROX_1962,19.4,27.4,11.4,53.3,70,281.0,northern,historical_approximation,2025-08-14T21:49:31.013026+00:00,2025-08-14T21:49:31.013026+00:00,,,,,,,,,,,,,,,,,,,OREGON,WHEAT,1958,30.0,BU / ACRE
632,40A0824,1962-10-30,1962,10,45.249722,-122.942497,APPROX_1962,19.4,27.4,11.4,53.3,70,281.0,northern,historical_approximation,2025-08-14T21:49:31.013026+00:00,2025-08-14T21:49:31.013026+00:00,,,,,,,,,,,,,,,,,,,OREGON,BARLEY,1954,34.0,BU / ACRE
632,40A0824,1962-10-30,1962,10,45.249722,-122.942497,APPROX_1962,19.4,27.4,11.4,53.3,70,281.0,northern,historical_approximation,2025-08-14T21:49:31.013026+00:00,2025-08-14T21:49:31.013026+00:00,,,,,,,,,,,,,,,,,,,OREGON,WHEAT,1962,26.5,BU / ACRE
632,40A0824,1962-10-30,1962,10,45.249722,-122.942497,APPROX_1962,19.4,27.4,11.4,53.3,70,281.0,northern,historical_approximation,2025-08-14T21:49:31.013026+00:00,2025-08-14T21:49:31.013026+00:00,,,,,,,,,,,,,,,,,,,OREGON,BARLEY,1958,38.5,BU / ACRE
633,40A0825,1962-10-30,1962,10,45.245834,-122.89917,APPROX_1962,19.4,27.4,11.4,53.3,70,281.0,northern,historical_approximation,2025-08-14T21:49:31.013026+00:00,2025-08-14T21:49:31.013026+00:00,,,,,,,,,,,,,,,,,,,OREGON,WHEAT,1958,30.0,BU / ACRE
633,40A0825,1962-10-30,1962,10,45.245834,-122.89917,APPROX_1962,19.4,27.4,11.4,53.3,70,281.0,northern,historical_approximation,2025-08-14T21:49:31.013026+00:00,2025-08-14T21:49:31.013026+00:00,,,,,,,,,,,,,,,,,,,OREGON,BARLEY,1954,34.0,BU / ACRE
633,40A0825,1962-10-30,1962,10,45.245834,-122.89917,APPROX_1962,19.4,27.4,11.4,53.3,70,281.0,northern,historical_approximation,2025-08-14T21:49:31.013026+00:00,2025-08-14T21:49:31.013026+00:00,,,,,,,,,,,,,,,,,,,OREGON,WHEAT,1962,26.5,BU / ACRE
633,40A0825,1962-10-30,1962,10,45.245834,-122.89917,APPROX_1962,19.4,27.4,11.4,53.3,70,281.0,northern,historical_approximation,2025-08-14T21:49:31.013026+00:00,2025-08-14T21:49:31.013026+00:00,,,,,,,,,,,,,,,,,,,OREGON,BARLEY,1958,38.5,BU / ACRE
634,40A0864,1955-11-03,1955,11,44.841946,-123.005554,APPROX_1955,18.2,26.2,10.2,35.0,50,248.0,arid,historical_approximation,2025-08-14T21:49:31.013026+00:00,2025-08-14T21:49:31.013026+00:00,,,,,,,,,,,,,,,,,,,OREGON,BARLEY,1954,34.0,BU / ACRE
635,40A0826,1964-07-23,1964,7,45.410557,-117.202225,APPROX_1964,30.4,38.4,22.4,80.0,70,613.0,northern,historical_approximation,2025-08-14T21:49:31.013026+00:00,2025-08-14T21:49:31.013026+00:00,,,,,,,,,,,,,,,,,,,OREGON,WHEAT,1958,30.0,BU / ACRE
635,40A0826,1964-07-23,1964,7,45.410557,-117.202225,APPROX_1964,30.4,38.4,22.4,80.0,70,613.0,northern,historical_approximation,2025-08-14T21:49:31.013026+00:00,2025-08-14T21:49:31.013026+00:00,,,,,,,,,,,,,,,,,,,OREGON,BARLEY,1954,34.0,BU / ACRE
635,40A0826,1964-07-23,1964,7,45.410557,-117.202225,APPROX_1964,30.4,38.4,22.4,80.0,70,613.0,northern,historical_approximation,2025-08-14T21:49:31.013026+00:00,2025-08-14T21:49:31.013026+00:00,,,,,,,,,,,,,,,,,,,OREGON,WHEAT,1962,26.5,BU / ACRE
635,40A0826,1964-07-23,1964,7,45.410557,-117.202225,APPROX_1964,30.4,38.4,22.4,80.0,70,613.0,northern,historical_approximation,2025-08-14T21:49:31.013026+00:00,2025-08-14T21:49:31.013026+00:00,,,,,,,,,,,,,,,,,,,OREGON,WHEAT,1964,19.5,BU / ACRE
635,40A0826,1964-07-23,1964,7,45.410557,-117.202225,APPROX_1964,30.4,38.4,22.4,80.0,70,613.0,northern,historical_approximation,2025-08-14T21:49:31.013026+00:00,2025-08-14T21:49:31.013026+00:00,,,,,,,,,,,,,,,,,,,OREGON,BARLEY,1958,38.5,BU / ACRE
636,40A0827,1964-07-24,1964,7,45.408333,-117.16639,APPROX_1964,30.4,38.4,22.4,80.0,70,613.0,northern,historical_approximation,2025-08-14T21:49:31.013026+00:00,2025-08-14T21:49:31.013026+00:00,,,,,,,,,,,,,,,,,,,OREGON,WHEAT,1958,30.0,BU / ACRE
636,40A0827,1964-07-24,1964,7,45.408333,-117.16639,APPROX_1964,30.4,38.4,22.4,80.0,70,613.0,northern,historical_approximation,2025-08-14T21:49:31.013026+00:00,2025-08-14T21:49:31.013026+00:00,,,,,,,,,,,,,,,,,,,OREGON,BARLEY,1954,34.0,BU / ACRE
636,40A0827,1964-07-24,1964,7,45.408333,-117.16639,APPROX_1964,30.4,38.4,22.4,80.0,70,613.0,northern,historical_approximation,2025-08-14T21:49:31.013026+00:00,2025-08-14T21:49:31.013026+00:00,,,,,,,,,,,,,,,,,,,OREGON,WHEAT,1962,26.5,BU / ACRE
636,40A0827,1964-07-24,1964,7,45.408333,-117.16639,APPROX_1964,30.4,38.4,22.4,80.0,70,613.0,northern,historical_approximation,2025-08-14T21:49:31.013026+00:00,2025-08-14T21:49:31.013026+00:00,,,,,,,,,,,,,,,,,,,OREGON,WHEAT,1964,19.5,BU / ACRE
636,40A0827,1964-07-24,1964,7,45.408333,-117.16639,APPROX_1964,30.4,38.4,22.4,80.0,70,613.0,northern,historical_approximation,2025-08-14T21:49:31.013026+00:00,2025-08-14T21:49:31.013026+00:00,,,,,,,,,,,,,,,,,,,OREGON,BARLEY,1958,38.5,BU / ACRE
637,40A0828,1964-07-21,1964,7,45.551945,-117.373337,APPROX_1964,30.4,38.4,22.4,80.0,70,613.0,northern,historical_approximation,2025-08-14T21:49:31.013026+00:00,2025-08-14T21:49:31.013026+00:00,,,,,,,,,,,,,,,,,,,OREGON,WHEAT,1958,30.0,BU / ACRE
637,40A0828,1964-07-21,1964,7,45.551945,-117.373337,APPROX_1964,30.4,38.4,22.4,80.0,70,613.0,northern,historical_approximation,2025-08-14T21:49:31.013026+00:00,2025-08-14T21:49:31.013026+00:00,,,,,,,,,,,,,,,,,,,OREGON,BARLEY,1954,34.0,BU / ACRE
637,40A0828,1964-07-21,1964,7,45.551945,-117.373337,APPROX_1964,30.4,38.4,22.4,80.0,70,613.0,northern,historical_approximation,2025-08-14T21:49:31.013026+00:00,2025-08-14T21:49:31.013026+00:00,,,,,,,,,,,,,,,,,,,OREGON,WHEAT,1962,26.5,BU / ACRE
637,40A0828,1964-07-21,1964,7,45.551945,-117.373337,APPROX_1964,30.4,38.4,22.4,80.0,70,613.0,northern,historical_approximation,2025-08-14T21:49:31.013026+00:00,2025-08-14T21:49:31.013026+00:00,,,,,,,,,,,,,,,,,,,OREGON,WHEAT,1964,19.5,BU / ACRE
637,40A0828,1964-07-21,1964,7,45.551945,-117.373337,APPROX_1964,30.4,38.4,22.4,80.0,70,613.0,northern,historical_approximation,2025-08-14T21:49:31.013026+00:00,2025-08-14T21:49:31.013026+00:00,,,,,,,,,,,,,,,,,,,OREGON,BARLEY,1958,38.5,BU / ACRE
638,40A0829,1964-07-21,1964,7,45.577221,-117.417778,APPROX_1964,30.4,38.4,22.4,80.0,70,613.0,northern,historical_approximation,2025-08-14T21:49:31.013026+00:00,2025-08-14T21:49:31.013026+00:00,,,,,,,,,,,,,,,,,,,OREGON,WHEAT,1958,30.0,BU / ACRE
638,40A0829,1964-07-21,1964,7,45.577221,-117.417778,APPROX_1964,30.4,38.4,22.4,80.0,70,613.0,northern,historical_approximation,2025-08-14T21:49:31.013026+00:00,2025-08-14T21:49:31.013026+00:00,,,,,,,,,,,,,,,,,,,OREGON,BARLEY,1954,34.0,BU / ACRE
638,40A0829,1964-07-21,1964,7,45.577221,-117.417778,APPROX_1964,30.4,38.4,22.4,80.0,70,613.0,northern,historical_approximation,2025-08-14T21:49:31.013026+00:00,2025-08-14T21:49:31.013026+00:00,,,,,,,,,,,,,,,,,,,OREGON,WHEAT,1962,26.5,BU / ACRE
638,40A0829,1964-07-21,1964,7,45.577221,-117.417778,APPROX_1964,30.4,38.4,22.4,80.0,70,613.0,northern,historical_approximation,2025-08-14T21:49:31.013026+00:00,2025-08-14T21:49:31.013026+00:00,,,,,,,,,,,,,,,,,,,OREGON,WHEAT,1964,19.5,BU / ACRE
638,40A0829,1964-07-21,1964,7,45.577221,-117.417778,APPROX_1964,30.4,38.4,22.4,80.0,70,613.0,northern,historical_approximation,2025-08-14T21:49:31.013026+00:00,2025-08-14T21:49:31.013026+00:00,,,,,,,,,,,,,,,,,,,OREGON,BARLEY,1958,38.5,BU / ACRE
639,40A0830,1964-07-22,1964,7,45.572224,-117.468056,APPROX_1964,30.4,38.4,22.4,80.0,70,613.0,northern,historical_approximation,2025-08-14T21:49:31.013026+00:00,2025-08-14T21:49:31.013026+00:00,,,,,,,,,,,,,,,,,,,OREGON,WHEAT,1958,30.0,BU / ACRE
639,40A0830,1964-07-22,1964,7,45.572224,-117.468056,APPROX_1964,30.4,38.4,22.4,80.0,70,613.0,northern,historical_approximation,2025-08-14T21:49:31.013026+00:00,2025-08-14T21:49:31.013026+00:00,,,,,,,,,,,,,,,,,,,OREGON,BARLEY,1954,34.0,BU / ACRE
639,40A0830,1964-07-22,1964,7,45.572224,-117.468056,APPROX_1964,30.4,38.4,22.4,80.0,70,613.0,northern,historical_approximation,2025-08-14T21:49:31.013026+00:00,2025-08-14T21:49:31.013026+00:00,,,,,,,,,,,,,,,,,,,OREGON,WHEAT,1962,26.5,BU / ACRE
639,40A0830,1964-07-22,1964,7,45.572224,-117.468056,APPROX_1964,30.4,38.4,22.4,80.0,70,613.0,northern,historical_approximation,2025-08-14T21:49:31.013026+00:00,2025-08-14T21:49:31.013026+00:00,,,,,,,,,,,,,,,,,,,OREGON,WHEAT,1964,19.5,BU / ACRE
639,40A0830,1964-07-22,1964,7,45.572224,-117.468056,APPROX_1964,30.4,38.4,22.4,80.0,70,613.0,northern,historical_approximation,2025-08-14T21:49:31.013026+00:00,2025-08-14T21:49:31.013026+00:00,,,,,,,,,,,,,,,,,,,OREGON,BARLEY,1958,38.5,BU / ACRE
640,40A0831,1964-07-23,1964,7,45.374443,-117.303886,APPROX_1964,30.4,38.4,22.4,80.0,70,613.0,northern,historical_approximation,2025-08-14T21:49:31.013026+00:00,2025-08-14T21:49:31.013026+00:00,,,,,,,,,,,,,,,,,,,OREGON,WHEAT,1958,30.0,BU / ACRE
640,40A0831,1964-07-23,1964,7,45.374443,-117.303886,APPROX_1964,30.4,38.4,22.4,80.0,70,613.0,northern,historical_approximation,2025-08-14T21:49:31.013026+00:00,2025-08-14T21:49:31.013026+00:00,,,,,,,,,,,,,,,,,,,OREGON,BARLEY,1954,34.0,BU / ACRE
640,40A0831,1964-07-23,1964,7,45.374443,-117.303886,APPROX_1964,30.4,38.4,22.4,80.0,70,613.0,northern,historical_approximation,2025-08-14T21:49:31.013026+00:00,2025-08-14T21:49:31.013026+00:00,,,,,,,,,,,,,,,,,,,OREGON,WHEAT,1962,26.5,BU / ACRE
640,40A0831,1964-07-23,1964,7,45.374443,-117.303886,APPROX_1964,30.4,38.4,22.4,80.0,70,613.0,northern,historical_approximation,2025-08-14T21:49:31.013026+00:00,2025-08-14T21:49:31.013026+00:00,,,,,,,,,,,,,,,,,,,OREGON,WHEAT,1964,19.5,BU / ACRE
640,40A0831,1964-07-23,1964,7,45.374443,-117.303886,APPROX_1964,30.4,38.4,22.4,80.0,70,613.0,northern,historical_approximation,2025-08-14T21:49:31.013026+00:00,2025-08-14T21:49:31.013026+00:00,,,,,,,,,,,,,,,,,,,OREGON,BARLEY,1958,38.5,BU / ACRE
641,40A0832,1964-07-23,1964,7,45.299446,-117.133888,APPROX_1964,30.4,38.4,22.4,80.0,70,613.0,northern,historical_approximation,2025-08-14T21:49:31.013026+00:00,2025-08-14T21:49:31.013026+00:00,,,,,,,,,,,,,,,,,,,OREGON,WHEAT,1958,30.0,BU / ACRE
641,40A0832,1964-07-23,1964,7,45.299446,-117.133888,APPROX_1964,30.4,38.4,22.4,80.0,70,613.0,northern,historical_approximation,2025-08-14T21:49:31.013026+00:00,2025-08-14T21:49:31.013026+00:00,,,,,,,,,,,,,,,,,,,OREGON,BARLEY,1954,34.0,BU / ACRE
641,40A0832,1964-07-23,1964,7,45.299446,-117.133888,APPROX_1964,30.4,38.4,22.4,80.0,70,613.0,northern,historical_approximation,2025-08-14T21:49:31.013026+00:00,2025-08-14T21:49:31.013026+00:00,,,,,,,,,,,,,,,,,,,OREGON,WHEAT,1962,26.5,BU / ACRE
641,40A0832,1964-07-23,1964,7,45.299446,-117.133888,APPROX_1964,30.4,38.4,22.4,80.0,70,613.0,northern,historical_approximation,2025-08-14T21:49:31.013026+00:00,2025-08-14T21:49:31.013026+00:00,,,,,,,,,,,,,,,,,,,OREGON,WHEAT,1964,19.5,BU / ACRE
641,40A0832,1964-07-23,1964,7,45.299446,-117.133888,APPROX_1964,30.4,38.4,22.4,80.0,70,613.0,northern,historical_approximation,2025-08-14T21:49:31.013026+00:00,2025-08-14T21:49:31.013026+00:00,,,,,,,,,,,,,,,,,,,OREGON,BARLEY,1958,38.5,BU / ACRE
642,40A0833,1964-07-20,1964,7,45.580002,-117.423615,APPROX_1964,30.4,38.4,22.4,80.0,70,613.0,northern,historical_approximation,2025-08-14T21:49:31.013026+00:00,2025-08-14T21:49:31.013026+00:00,,,,,,,,,,,,,,,,,,,OREGON,WHEAT,1958,30.0,BU / ACRE
642,40A0833,1964-07-20,1964,7,45.580002,-117.423615,APPROX_1964,30.4,38.4,22.4,80.0,70,613.0,northern,historical_approximation,2025-08-14T21:49:31.013026+00:00,2025-08-14T21:49:31.013026+00:00,,,,,,,,,,,,,,,,,,,OREGON,BARLEY,1954,34.0,BU / ACRE
642,40A0833,1964-07-20,1964,7,45.580002,-117.423615,APPROX_1964,30.4,38.4,22.4,80.0,70,613.0,northern,historical_approximation,2025-08-14T21:49:31.013026+00:00,2025-08-14T21:49:31.013026+00:00,,,,,,,,,,,,,,,,,,,OREGON,WHEAT,1962,26.5,BU / ACRE
642,40A0833,1964-07-20,1964,7,45.580002,-117.423615,APPROX_1964,30.4,38.4,22.4,80.0,70,613.0,northern,historical_approximation,2025-08-14T21:49:31.013026+00:00,2025-08-14T21:49:31.013026+00:00,,,,,,,,,,,,,,,,,,,OREGON,WHEAT,1964,19.5,BU / ACRE
642,40A0833,1964-07-20,1964,7,45.580002,-117.423615,APPROX_1964,30.4,38.4,22.4,80.0,70,613.0,northern,historical_approximation,2025-08-14T21:49:31.013026+00:00,2025-08-14T21:49:31.013026+00:00,,,,,,,,,,,,,,,,,,,OREGON,BARLEY,1958,38.5,BU / ACRE
643,40A0834,1964-07-21,1964,7,45.493057,-117.064446,APPROX_1964,30.4,38.4,22.4,80.0,70,613.0,northern,historical_approximation,2025-08-14T21:49:31.013026+00:00,2025-08-14T21:49:31.013026+00:00,,,,,,,,,,,,,,,,,,,OREGON,WHEAT,1958,30.0,BU / ACRE
643,40A0834,1964-07-21,1964,7,45.493057,-117.064446,APPROX_1964,30.4,38.4,22.4,80.0,70,613.0,northern,historical_approximation,2025-08-14T21:49:31.013026+00:00,2025-08-14T21:49:31.013026+00:00,,,,,,,,,,,,,,,,,,,OREGON,BARLEY,1954,34.0,BU / ACRE
643,40A0834,1964-07-21,1964,7,45.493057,-117.064446,APPROX_1964,30.4,38.4,22.4,80.0,70,613.0,northern,historical_approximation,2025-08-14T21:49:31.013026+00:00,2025-08-14T21:49:31.013026+00:00,,,,,,,,,,,,,,,,,,,OREGON,WHEAT,1962,26.5,BU / ACRE
643,40A0834,1964-07-21,1964,7,45.493057,-117.064446,APPROX_1964,30.4,38.4,22.4,80.0,70,613.0,northern,historical_approximation,2025-08-14T21:49:31.013026+00:00,2025-08-14T21:49:31.013026+00:00,,,,,,,,,,,,,,,,,,,OREGON,WHEAT,1964,19.5,BU / ACRE
643,40A0834,1964-07-21,1964,7,45.493057,-117.064446,APPROX_1964,30.4,38.4,22.4,80.0,70,613.0,northern,historical_approximation,2025-08-14T21:49:31.013026+00:00,2025-08-14T21:49:31.013026+00:00,,,,,,,,,,,,,,,,,,,OREGON,BARLEY,1958,38.5,BU / ACRE
644,40A0835,1964-07-22,1964,7,45.619999,-116.975555,APPROX_1964,30.4,38.4,22.4,80.0,70,613.0,northern,historical_approximation,2025-08-14T21:49:31.013026+00:00,2025-08-14T21:49:31.013026+00:00,,,,,,,,,,,,,,,,,,,OREGON,WHEAT,1958,30.0,BU / ACRE
644,40A0835,1964-07-22,1964,7,45.619999,-116.975555,APPROX_1964,30.4,38.4,22.4,80.0,70,613.0,northern,historical_approximation,2025-08-14T21:49:31.013026+00:00,2025-08-14T21:49:31.013026+00:00,,,,,,,,,,,,,,,,,,,OREGON,BARLEY,1954,34.0,BU / ACRE
644,40A0835,1964-07-22,1964,7,45.619999,-116.975555,APPROX_1964,30.4,38.4,22.4,80.0,70,613.0,northern,historical_approximation,2025-08-14T21:49:31.013026+00:00,2025-08-14T21:49:31.013026+00:00,,,,,,,,,,,,,,,,,,,OREGON,WHEAT,1962,26.5,BU / ACRE
644,40A0835,1964-07-22,1964,7,45.619999,-116.975555,APPROX_1964,30.4,38.4,22.4,80.0,70,613.0,northern,historical_approximation,2025-08-14T21:49:31.013026+00:00,2025-08-14T21:49:31.013026+00:00,,,,,,,,,,,,,,,,,,,OREGON,WHEAT,1964,19.5,BU / ACRE
644,40A0835,1964-07-22,1964,7,45.619999,-116.975555,APPROX_1964,30.4,38.4,22.4,80.0,70,613.0,northern,historical_approximation,2025-08-14T21:49:31.013026+00:00,2025-08-14T21:49:31.013026+00:00,,,,,,,,,,,,,,,,,,,OREGON,BARLEY,1958,38.5,BU / ACRE
645,40A0836,1966-05-16,1966,5,42.12668,-122.1719,APPROX_1966,28.8,36.8,20.8,15.0,50,564.0,arid,historical_approximation,2025-08-14T21:49:31.013026+00:00,2025-08-14T21:49:31.013026+00:00,,,,,,,,,,,,,,,,,,,OREGON,WHEAT,1958,30.0,BU / ACRE
645,40A0836,1966-05-16,1966,5,42.12668,-122.1719,APPROX_1966,28.8,36.8,20.8,15.0,50,564.0,arid,historical_approximation,2025-08-14T21:49:31.013026+00:00,2025-08-14T21:49:31.013026+00:00,,,,,,,,,,,,,,,,,,,OREGON,WHEAT,1962,26.5,BU / ACRE
645,40A0836,1966-05-16,1966,5,42.12668,-122.1719,APPROX_1966,28.8,36.8,20.8,15.0,50,564.0,arid,historical_approximation,2025-08-14T21:49:31.013026+00:00,2025-08-14T21:49:31.013026+00:00,,,,,,,,,,,,,,,,,,,OREGON,WHEAT,1966,25.0,BU / ACRE
645,40A0836,1966-05-16,1966,5,42.12668,-122.1719,APPROX_1966,28.8,36.8,20.8,15.0,50,564.0,arid,historical_approximation,2025-08-14T21:49:31.013026+00:00,2025-08-14T21:49:31.013026+00:00,,,,,,,,,,,,,,,,,,,OREGON,WHEAT,1964,19.5,BU / ACRE
645,40A0836,1966-05-16,1966,5,42.12668,-122.1719,APPROX_1966,28.8,36.8,20.8,15.0,50,564.0,arid,historical_approximation,2025-08-14T21:49:31.013026+00:00,2025-08-14T21:49:31.013026+00:00,,,,,,,,,,,,,,,,,,,OREGON,BARLEY,1958,38.5,BU / ACRE
646,40A0837,1966-05-16,1966,5,42.122223,-122.096664,APPROX_1966,28.8,36.8,20.8,15.0,50,564.0,arid,historical_approximation,2025-08-14T21:49:31.013026+00:00,2025-08-14T21:49:31.013026+00:00,,,,,,,,,,,,,,,,,,,OREGON,WHEAT,1958,30.0,BU / ACRE
646,40A0837,1966-05-16,1966,5,42.122223,-122.096664,APPROX_1966,28.8,36.8,20.8,15.0,50,564.0,arid,historical_approximation,2025-08-14T21:49:31.013026+00:00,2025-08-14T21:49:31.013026+00:00,,,,,,,,,,,,,,,,,,,OREGON,WHEAT,1962,26.5,BU / ACRE
646,40A0837,1966-05-16,1966,5,42.122223,-122.096664,APPROX_1966,28.8,36.8,20.8,15.0,50,564.0,arid,historical_approximation,2025-08-14T21:49:31.013026+00:00,2025-08-14T21:49:31.013026+00:00,,,,,,,,,,,,,,,,,,,OREGON,WHEAT,1966,25.0,BU / ACRE
646,40A0837,1966-05-16,1966,5,42.122223,-122.096664,APPROX_1966,28.8,36.8,20.8,15.0,50,564.0,arid,historical_approximation,2025-08-14T21:49:31.013026+00:00,2025-08-14T21:49:31.013026+00:00,,,,,,,,,,,,,,,,,,,OREGON,WHEAT,1964,19.5,BU / ACRE
646,40A0837,1966-05-16,1966,5,42.122223,-122.096664,APPROX_1966,28.8,36.8,20.8,15.0,50,564.0,arid,historical_approximation,2025-08-14T21:49:31.013026+00:00,2025-08-14T21:49:31.013026+00:00,,,,,,,,,,,,,,,,,,,OREGON,BARLEY,1958,38.5,BU / ACRE
647,40A0838,1966-05-17,1966,5,42.186668,-122.081665,APPROX_1966,28.8,36.8,20.8,15.0,50,564.0,arid,historical_approximation,2025-08-14T21:49:31.013026+00:00,2025-08-14T21:49:31.013026+00:00,,,,,,,,,,,,,,,,,,,OREGON,WHEAT,1958,30.0,BU / ACRE
647,40A0838,1966-05-17,1966,5,42.186668,-122.081665,APPROX_1966,28.8,36.8,20.8,15.0,50,564.0,arid,historical_approximation,2025-08-14T21:49:31.013026+00:00,2025-08-14T21:49:31.013026+00:00,,,,,,,,,,,,,,,,,,,OREGON,WHEAT,1962,26.5,BU / ACRE
647,40A0838,1966-05-17,1966,5,42.186668,-122.081665,APPROX_1966,28.8,36.8,20.8,15.0,50,564.0,arid,historical_approximation,2025-08-14T21:49:31.013026+00:00,2025-08-14T21:49:31.013026+00:00,,,,,,,,,,,,,,,,,,,OREGON,WHEAT,1966,25.0,BU / ACRE
647,40A0838,1966-05-17,1966,5,42.186668,-122.081665,APPROX_1966,28.8,36.8,20.8,15.0,50,564.0,arid,historical_approximation,2025-08-14T21:49:31.013026+00:00,2025-08-14T21:49:31.013026+00:00,,,,,,,,,,,,,,,,,,,OREGON,WHEAT,1964,19.5,BU / ACRE
647,40A0838,1966-05-17,1966,5,42.186668,-122.081665,APPROX_1966,28.8,36.8,20.8,15.0,50,564.0,arid,historical_approximation,2025-08-14T21:49:31.013026+00:00,2025-08-14T21:49:31.013026+00:00,,,,,,,,,,,,,,,,,,,OREGON,BARLEY,1958,38.5,BU / ACRE
648,40A0839,1966-05-17,1966,5,42.166111,-121.99778,APPROX_1966,28.8,36.8,20.8,15.0,50,564.0,arid,historical_approximation,2025-08-14T21:49:31.013026+00:00,2025-08-14T21:49:31.013026+00:00,,,,,,,,,,,,,,,,,,,OREGON,WHEAT,1958,30.0,BU / ACRE
648,40A0839,1966-05-17,1966,5,42.166111,-121.99778,APPROX_1966,28.8,36.8,20.8,15.0,50,564.0,arid,historical_approximation,2025-08-14T21:49:31.013026+00:00,2025-08-14T21:49:31.013026+00:00,,,,,,,,,,,,,,,,,,,OREGON,WHEAT,1962,26.5,BU / ACRE
648,40A0839,1966-05-17,1966,5,42.166111,-121.99778,APPROX_1966,28.8,36.8,20.8,15.0,50,564.0,arid,historical_approximation,2025-08-14T21:49:31.013026+00:00,2025-08-14T21:49:31.013026+00:00,,,,,,,,,,,,,,,,,,,OREGON,WHEAT,1966,25.0,BU / ACRE
648,40A0839,1966-05-17,1966,5,42.166111,-121.99778,APPROX_1966,28.8,36.8,20.8,15.0,50,564.0,arid,historical_approximation,2025-08-14T21:49:31.013026+00:00,2025-08-14T21:49:31.013026+00:00,,,,,,,,,,,,,,,,,,,OREGON,WHEAT,1964,19.5,BU / ACRE
648,40A0839,1966-05-17,1966,5,42.166111,-121.99778,APPROX_1966,28.8,36.8,20.8,15.0,50,564.0,arid,historical_approximation,2025-08-14T21:49:31.013026+00:00,2025-08-14T21:49:31.013026+00:00,,,,,,,,,,,,,,,,,,,OREGON,BARLEY,1958,38.5,BU / ACRE
649,40A0840,1966-05-16,1966,5,42.346943,-121.970276,APPROX_1966,28.8,36.8,20.8,15.0,50,564.0,arid,historical_approximation,2025-08-14T21:49:31.013026+00:00,2025-08-14T21:49:31.013026+00:00,,,,,,,,,,,,,,,,,,,OREGON,WHEAT,1958,30.0,BU / ACRE
649,40A0840,1966-05-16,1966,5,42.346943,-121.970276,APPROX_1966,28.8,36.8,20.8,15.0,50,564.0,arid,historical_approximation,2025-08-14T21:49:31.013026+00:00,2025-08-14T21:49:31.013026+00:00,,,,,,,,,,,,,,,,,,,OREGON,WHEAT,1962,26.5,BU / ACRE
649,40A0840,1966-05-16,1966,5,42.346943,-121.970276,APPROX_1966,28.8,36.8,20.8,15.0,50,564.0,arid,historical_approximation,2025-08-14T21:49:31.013026+00:00,2025-08-14T21:49:31.013026+00:00,,,,,,,,,,,,,,,,,,,OREGON,WHEAT,1966,25.0,BU / ACRE
649,40A0840,1966-05-16,1966,5,42.346943,-121.970276,APPROX_1966,28.8,36.8,20.8,15.0,50,564.0,arid,historical_approximation,2025-08-14T21:49:31.013026+00:00,2025-08-14T21:49:31.013026+00:00,,,,,,,,,,,,,,,,,,,OREGON,WHEAT,1964,19.5,BU / ACRE
649,40A0840,1966-05-16,1966,5,42.346943,-121.970276,APPROX_1966,28.8,36.8,20.8,15.0,50,564.0,arid,historical_approximation,2025-08-14T21:49:31.013026+00:00,2025-08-14T21:49:31.013026+00:00,,,,,,,,,,,,,,,,,,,OREGON,BARLEY,1958,38.5,BU / ACRE
650,40A0841,1966-05-17,1966,5,42.346111,-121.976387,APPROX_1966,28.8,36.8,20.8,15.0,50,564.0,arid,historical_approximation,2025-08-14T21:49:31.013026+00:00,2025-08-14T21:49:31.013026+00:00,,,,,,,,,,,,,,,,,,,OREGON,WHEAT,1958,30.0,BU / ACRE
650,40A0841,1966-05-17,1966,5,42.346111,-121.976387,APPROX_1966,28.8,36.8,20.8,15.0,50,564.0,arid,historical_approximation,2025-08-14T21:49:31.013026+00:00,2025-08-14T21:49:31.013026+00:00,,,,,,,,,,,,,,,,,,,OREGON,WHEAT,1962,26.5,BU / ACRE
650,40A0841,1966-05-17,1966,5,42.346111,-121.976387,APPROX_1966,28.8,36.8,20.8,15.0,50,564.0,arid,historical_approximation,2025-08-14T21:49:31.013026+00:00,2025-08-14T21:49:31.013026+00:00,,,,,,,,,,,,,,,,,,,OREGON,WHEAT,1966,25.0,BU / ACRE
650,40A0841,1966-05-17,1966,5,42.346111,-121.976387,APPROX_1966,28.8,36.8,20.8,15.0,50,564.0,arid,historical_approximation,2025-08-14T21:49:31.013026+00:00,2025-08-14T21:49:31.013026+00:00,,,,,,,,,,,,,,,,,,,OREGON,WHEAT,1964,19.5,BU / ACRE
650,40A0841,1966-05-17,1966,5,42.346111,-121.976387,APPROX_1966,28.8,36.8,20.8,15.0,50,564.0,arid,historical_approximation,2025-08-14T21:49:31.013026+00:00,2025-08-14T21:49:31.013026+00:00,,,,,,,,,,,,,,,,,,,OREGON,BARLEY,1958,38.5,BU / ACRE
651,40A0842,1966-05-18,1966,5,42.28278,-121.751663,APPROX_1966,28.8,36.8,20.8,15.0,50,564.0,arid,historical_approximation,2025-08-14T21:49:31.013026+00:00,2025-08-14T21:49:31.013026+00:00,,,,,,,,,,,,,,,,,,,OREGON,WHEAT,1958,30.0,BU / ACRE
651,40A0842,1966-05-18,1966,5,42.28278,-121.751663,APPROX_1966,28.8,36.8,20.8,15.0,50,564.0,arid,historical_approximation,2025-08-14T21:49:31.013026+00:00,2025-08-14T21:49:31.013026+00:00,,,,,,,,,,,,,,,,,,,OREGON,WHEAT,1962,26.5,BU / ACRE
651,40A0842,1966-05-18,1966,5,42.28278,-121.751663,APPROX_1966,28.8,36.8,20.8,15.0,50,564.0,arid,historical_approximation,2025-08-14T21:49:31.013026+00:00,2025-08-14T21:49:31.013026+00:00,,,,,,,,,,,,,,,,,,,OREGON,WHEAT,1966,25.0,BU / ACRE
651,40A0842,1966-05-18,1966,5,42.28278,-121.751663,APPROX_1966,28.8,36.8,20.8,15.0,50,564.0,arid,historical_approximation,2025-08-14T21:49:31.013026+00:00,2025-08-14T21:49:31.013026+00:00,,,,,,,,,,,,,,,,,,,OREGON,WHEAT,1964,19.5,BU / ACRE
651,40A0842,1966-05-18,1966,5,42.28278,-121.751663,APPROX_1966,28.8,36.8,20.8,15.0,50,564.0,arid,historical_approximation,2025-08-14T21:49:31.013026+00:00,2025-08-14T21:49:31.013026+00:00,,,,,,,,,,,,,,,,,,,OREGON,BARLEY,1958,38.5,BU / ACRE
652,40A0843,1966-05-18,1966,5,42.300835,-121.750275,APPROX_1966,28.8,36.8,20.8,15.0,50,564.0,arid,historical_approximation,2025-08-14T21:49:31.013026+00:00,2025-08-14T21:49:31.013026+00:00,,,,,,,,,,,,,,,,,,,OREGON,WHEAT,1958,30.0,BU / ACRE
652,40A0843,1966-05-18,1966,5,42.300835,-121.750275,APPROX_1966,28.8,36.8,20.8,15.0,50,564.0,arid,historical_approximation,2025-08-14T21:49:31.013026+00:00,2025-08-14T21:49:31.013026+00:00,,,,,,,,,,,,,,,,,,,OREGON,WHEAT,1962,26.5,BU / ACRE
652,40A0843,1966-05-18,1966,5,42.300835,-121.750275,APPROX_1966,28.8,36.8,20.8,15.0,50,564.0,arid,historical_approximation,2025-08-14T21:49:31.013026+00:00,2025-08-14T21:49:31.013026+00:00,,,,,,,,,,,,,,,,,,,OREGON,WHEAT,1966,25.0,BU / ACRE
652,40A0843,1966-05-18,1966,5,42.300835,-121.750275,APPROX_1966,28.8,36.8,20.8,15.0,50,564.0,arid,historical_approximation,2025-08-14T21:49:31.013026+00:00,2025-08-14T21:49:31.013026+00:00,,,,,,,,,,,,,,,,,,,OREGON,WHEAT,1964,19.5,BU / ACRE
652,40A0843,1966-05-18,1966,5,42.300835,-121.750275,APPROX_1966,28.8,36.8,20.8,15.0,50,564.0,arid,historical_approximation,2025-08-14T21:49:31.013026+00:00,2025-08-14T21:49:31.013026+00:00,,,,,,,,,,,,,,,,,,,OREGON,BARLEY,1958,38.5,BU / ACRE
653,40A0844,1966-05-18,1966,5,42.225555,-121.599167,APPROX_1966,28.8,36.8,20.8,15.0,50,564.0,arid,historical_approximation,2025-08-14T21:49:31.013026+00:00,2025-08-14T21:49:31.013026+00:00,,,,,,,,,,,,,,,,,,,OREGON,WHEAT,1958,30.0,BU / ACRE
653,40A0844,1966-05-18,1966,5,42.225555,-121.599167,APPROX_1966,28.8,36.8,20.8,15.0,50,564.0,arid,historical_approximation,2025-08-14T21:49:31.013026+00:00,2025-08-14T21:49:31.013026+00:00,,,,,,,,,,,,,,,,,,,OREGON,WHEAT,1962,26.5,BU / ACRE
653,40A0844,1966-05-18,1966,5,42.225555,-121.599167,APPROX_1966,28.8,36.8,20.8,15.0,50,564.0,arid,historical_approximation,2025-08-14T21:49:31.013026+00:00,2025-08-14T21:49:31.013026+00:00,,,,,,,,,,,,,,,,,,,OREGON,WHEAT,1966,25.0,BU / ACRE
653,40A0844,1966-05-18,1966,5,42.225555,-121.599167,APPROX_1966,28.8,36.8,20.8,15.0,50,564.0,arid,historical_approximation,2025-08-14T21:49:31.013026+00:00,2025-08-14T21:49:31.013026+00:00,,,,,,,,,,,,,,,,,,,OREGON,WHEAT,1964,19.5,BU / ACRE
653,40A0844,1966-05-18,1966,5,42.225555,-121.599167,APPROX_1966,28.8,36.8,20.8,15.0,50,564.0,arid,historical_approximation,2025-08-14T21:49:31.013026+00:00,2025-08-14T21:49:31.013026+00:00,,,,,,,,,,,,,,,,,,,OREGON,BARLEY,1958,38.5,BU / ACRE
654,40A0845,1966-05-19,1966,5,42.329289,-121.398872,APPROX_1966,28.8,36.8,20.8,15.0,50,564.0,arid,historical_approximation,2025-08-14T21:49:31.013026+00:00,2025-08-14T21:49:31.013026+00:00,,,,,,,,,,,,,,,,,,,OREGON,WHEAT,1958,30.0,BU / ACRE
654,40A0845,1966-05-19,1966,5,42.329289,-121.398872,APPROX_1966,28.8,36.8,20.8,15.0,50,564.0,arid,historical_approximation,2025-08-14T21:49:31.013026+00:00,2025-08-14T21:49:31.013026+00:00,,,,,,,,,,,,,,,,,,,OREGON,WHEAT,1962,26.5,BU / ACRE
654,40A0845,1966-05-19,1966,5,42.329289,-121.398872,APPROX_1966,28.8,36.8,20.8,15.0,50,564.0,arid,historical_approximation,2025-08-14T21:49:31.013026+00:00,2025-08-14T21:49:31.013026+00:00,,,,,,,,,,,,,,,,,,,OREGON,WHEAT,1966,25.0,BU / ACRE
654,40A0845,1966-05-19,1966,5,42.329289,-121.398872,APPROX_1966,28.8,36.8,20.8,15.0,50,564.0,arid,historical_approximation,2025-08-14T21:49:31.013026+00:00,2025-08-14T21:49:31.013026+00:00,,,,,,,,,,,,,,,,,,,OREGON,WHEAT,1964,19.5,BU / ACRE
654,40A0845,1966-05-19,1966,5,42.329289,-121.398872,APPROX_1966,28.8,36.8,20.8,15.0,50,564.0,arid,historical_approximation,2025-08-14T21:49:31.013026+00:00,2025-08-14T21:49:31.013026+00:00,,,,,,,,,,,,,,,,,,,OREGON,BARLEY,1958,38.5,BU / ACRE
655,40A0846,1966-05-19,1966,5,42.337063,-121.401375,APPROX_1966,28.8,36.8,20.8,15.0,50,564.0,arid,historical_approximation,2025-08-14T21:49:31.013026+00:00,2025-08-14T21:49:31.013026+00:00,,,,,,,,,,,,,,,,,,,OREGON,WHEAT,1958,30.0,BU / ACRE
655,40A0846,1966-05-19,1966,5,42.337063,-121.401375,APPROX_1966,28.8,36.8,20.8,15.0,50,564.0,arid,historical_approximation,2025-08-14T21:49:31.013026+00:00,2025-08-14T21:49:31.013026+00:00,,,,,,,,,,,,,,,,,,,OREGON,WHEAT,1962,26.5,BU / ACRE
655,40A0846,1966-05-19,1966,5,42.337063,-121.401375,APPROX_1966,28.8,36.8,20.8,15.0,50,564.0,arid,historical_approximation,2025-08-14T21:49:31.013026+00:00,2025-08-14T21:49:31.013026+00:00,,,,,,,,,,,,,,,,,,,OREGON,WHEAT,1966,25.0,BU / ACRE
655,40A0846,1966-05-19,1966,5,42.337063,-121.401375,APPROX_1966,28.8,36.8,20.8,15.0,50,564.0,arid,historical_approximation,2025-08-14T21:49:31.013026+00:00,2025-08-14T21:49:31.013026+00:00,,,,,,,,,,,,,,,,,,,OREGON,WHEAT,1964,19.5,BU / ACRE
655,40A0846,1966-05-19,1966,5,42.337063,-121.401375,APPROX_1966,28.8,36.8,20.8,15.0,50,564.0,arid,historical_approximation,2025-08-14T21:49:31.013026+00:00,2025-08-14T21:49:31.013026+00:00,,,,,,,,,,,,,,,,,,,OREGON,BARLEY,1958,38.5,BU / ACRE
656,40A0847,1966-05-19,1966,5,42.310833,-120.901665,APPROX_1966,28.8,36.8,20.8,15.0,50,564.0,arid,historical_approximation,2025-08-14T21:49:31.013026+00:00,2025-08-14T21:49:31.013026+00:00,,,,,,,,,,,,,,,,,,,OREGON,WHEAT,1958,30.0,BU / ACRE
656,40A0847,1966-05-19,1966,5,42.310833,-120.901665,APPROX_1966,28.8,36.8,20.8,15.0,50,564.0,arid,historical_approximation,2025-08-14T21:49:31.013026+00:00,2025-08-14T21:49:31.013026+00:00,,,,,,,,,,,,,,,,,,,OREGON,WHEAT,1962,26.5,BU / ACRE
656,40A0847,1966-05-19,1966,5,42.310833,-120.901665,APPROX_1966,28.8,36.8,20.8,15.0,50,564.0,arid,historical_approximation,2025-08-14T21:49:31.013026+00:00,2025-08-14T21:49:31.013026+00:00,,,,,,,,,,,,,,,,,,,OREGON,WHEAT,1966,25.0,BU / ACRE
656,40A0847,1966-05-19,1966,5,42.310833,-120.901665,APPROX_1966,28.8,36.8,20.8,15.0,50,564.0,arid,historical_approximation,2025-08-14T21:49:31.013026+00:00,2025-08-14T21:49:31.013026+00:00,,,,,,,,,,,,,,,,,,,OREGON,WHEAT,1964,19.5,BU / ACRE
656,40A0847,1966-05-19,1966,5,42.310833,-120.901665,APPROX_1966,28.8,36.8,20.8,15.0,50,564.0,arid,historical_approximation,2025-08-14T21:49:31.013026+00:00,2025-08-14T21:49:31.013026+00:00,,,,,,,,,,,,,,,,,,,OREGON,BARLEY,1958,38.5,BU / ACRE
657,40A0848,1961-10-23,1961,10,45.634724,-121.556114,APPROX_1961,19.3,27.3,11.3,53.3,70,280.0,northern,historical_approximation,2025-08-14T21:49:31.013026+00:00,2025-08-14T21:49:31.013026+00:00,,,,,,,,,,,,,,,,,,,OREGON,WHEAT,1958,30.0,BU / ACRE
657,40A0848,1961-10-23,1961,10,45.634724,-121.556114,APPROX_1961,19.3,27.3,11.3,53.3,70,280.0,northern,historical_approximation,2025-08-14T21:49:31.013026+00:00,2025-08-14T21:49:31.013026+00:00,,,,,,,,,,,,,,,,,,,OREGON,BARLEY,1954,34.0,BU / ACRE
657,40A0848,1961-10-23,1961,10,45.634724,-121.556114,APPROX_1961,19.3,27.3,11.3,53.3,70,280.0,northern,historical_approximation,2025-08-14T21:49:31.013026+00:00,2025-08-14T21:49:31.013026+00:00,,,,,,,,,,,,,,,,,,,OREGON,BARLEY,1958,38.5,BU / ACRE
658,40A0850,1961-10-30,1961,10,45.69611,-121.516113,APPROX_1961,19.3,27.3,11.3,53.3,70,280.0,northern,historical_approximation,2025-08-14T21:49:31.013026+00:00,2025-08-14T21:49:31.013026+00:00,,,,,,,,,,,,,,,,,,,OREGON,WHEAT,1958,30.0,BU / ACRE
658,40A0850,1961-10-30,1961,10,45.69611,-121.516113,APPROX_1961,19.3,27.3,11.3,53.3,70,280.0,northern,historical_approximation,2025-08-14T21:49:31.013026+00:00,2025-08-14T21:49:31.013026+00:00,,,,,,,,,,,,,,,,,,,OREGON,BARLEY,1954,34.0,BU / ACRE
658,40A0850,1961-10-30,1961,10,45.69611,-121.516113,APPROX_1961,19.3,27.3,11.3,53.3,70,280.0,northern,historical_approximation,2025-08-14T21:49:31.013026+00:00,2025-08-14T21:49:31.013026+00:00,,,,,,,,,,,,,,,,,,,OREGON,BARLEY,1958,38.5,BU / ACRE
659,40A0851,1961-10-26,1961,10,45.680832,-121.525833,APPROX_1961,19.3,27.3,11.3,53.3,70,280.0,northern,historical_approximation,2025-08-14T21:49:31.013026+00:00,2025-08-14T21:49:31.013026+00:00,,,,,,,,,,,,,,,,,,,OREGON,WHEAT,1958,30.0,BU / ACRE
659,40A0851,1961-10-26,1961,10,45.680832,-121.525833,APPROX_1961,19.3,27.3,11.3,53.3,70,280.0,northern,historical_approximation,2025-08-14T21:49:31.013026+00:00,2025-08-14T21:49:31.013026+00:00,,,,,,,,,,,,,,,,,,,OREGON,BARLEY,1954,34.0,BU / ACRE
659,40A0851,1961-10-26,1961,10,45.680832,-121.525833,APPROX_1961,19.3,27.3,11.3,53.3,70,280.0,northern,historical_approximation,2025-08-14T21:49:31.013026+00:00,2025-08-14T21:49:31.013026+00:00,,,,,,,,,,,,,,,,,,,OREGON,BARLEY,1958,38.5,BU / ACRE
660,40A0852,1961-10-31,1961,10,45.511112,-121.586388,APPROX_1961,19.3,27.3,11.3,53.3,70,280.0,northern,historical_approximation,2025-08-14T21:49:31.013026+00:00,2025-08-14T21:49:31.013026+00:00,,,,,,,,,,,,,,,,,,,OREGON,WHEAT,1958,30.0,BU / ACRE
660,40A0852,1961-10-31,1961,10,45.511112,-121.586388,APPROX_1961,19.3,27.3,11.3,53.3,70,280.0,northern,historical_approximation,2025-08-14T21:49:31.013026+00:00,2025-08-14T21:49:31.013026+00:00,,,,,,,,,,,,,,,,,,,OREGON,BARLEY,1954,34.0,BU / ACRE
660,40A0852,1961-10-31,1961,10,45.511112,-121.586388,APPROX_1961,19.3,27.3,11.3,53.3,70,280.0,northern,historical_approximation,2025-08-14T21:49:31.013026+00:00,2025-08-14T21:49:31.013026+00:00,,,,,,,,,,,,,,,,,,,OREGON,BARLEY,1958,38.5,BU / ACRE
661,40A0853,1961-10-31,1961,10,45.529999,-121.599442,APPROX_1961,19.3,27.3,11.3,53.3,70,280.0,northern,historical_approximation,2025-08-14T21:49:31.013026+00:00,2025-08-14T21:49:31.013026+00:00,,,,,,,,,,,,,,,,,,,OREGON,WHEAT,1958,30.0,BU / ACRE
661,40A0853,1961-10-31,1961,10,45.529999,-121.599442,APPROX_1961,19.3,27.3,11.3,53.3,70,280.0,northern,historical_approximation,2025-08-14T21:49:31.013026+00:00,2025-08-14T21:49:31.013026+00:00,,,,,,,,,,,,,,,,,,,OREGON,BARLEY,1954,34.0,BU / ACRE
661,40A0853,1961-10-31,1961,10,45.529999,-121.599442,APPROX_1961,19.3,27.3,11.3,53.3,70,280.0,northern,historical_approximation,2025-08-14T21:49:31.013026+00:00,2025-08-14T21:49:31.013026+00:00,,,,,,,,,,,,,,,,,,,OREGON,BARLEY,1958,38.5,BU / ACRE
662,40A0854,1961-10-30,1961,10,45.671391,-121.583054,APPROX_1961,19.3,27.3,11.3,53.3,70,280.0,northern,historical_approximation,2025-08-14T21:49:31.013026+00:00,2025-08-14T21:49:31.013026+00:00,,,,,,,,,,,,,,,,,,,OREGON,WHEAT,1958,30.0,BU / ACRE
662,40A0854,1961-10-30,1961,10,45.671391,-121.583054,APPROX_1961,19.3,27.3,11.3,53.3,70,280.0,northern,historical_approximation,2025-08-14T21:49:31.013026+00:00,2025-08-14T21:49:31.013026+00:00,,,,,,,,,,,,,,,,,,,OREGON,BARLEY,1954,34.0,BU / ACRE
662,40A0854,1961-10-30,1961,10,45.671391,-121.583054,APPROX_1961,19.3,27.3,11.3,53.3,70,280.0,northern,historical_approximation,2025-08-14T21:49:31.013026+00:00,2025-08-14T21:49:31.013026+00:00,,,,,,,,,,,,,,,,,,,OREGON,BARLEY,1958,38.5,BU / ACRE
663,40A0855,1961-10-26,1961,10,45.65778,-121.585831,APPROX_1961,19.3,27.3,11.3,53.3,70,280.0,northern,historical_approximation,2025-08-14T21:49:31.013026+00:00,2025-08-14T21:49:31.013026+00:00,,,,,,,,,,,,,,,,,,,OREGON,WHEAT,1958,30.0,BU / ACRE
663,40A0855,1961-10-26,1961,10,45.65778,-121.585831,APPROX_1961,19.3,27.3,11.3,53.3,70,280.0,northern,historical_approximation,2025-08-14T21:49:31.013026+00:00,2025-08-14T21:49:31.013026+00:00,,,,,,,,,,,,,,,,,,,OREGON,BARLEY,1954,34.0,BU / ACRE
663,40A0855,1961-10-26,1961,10,45.65778,-121.585831,APPROX_1961,19.3,27.3,11.3,53.3,70,280.0,northern,historical_approximation,2025-08-14T21:49:31.013026+00:00,2025-08-14T21:49:31.013026+00:00,,,,,,,,,,,,,,,,,,,OREGON,BARLEY,1958,38.5,BU / ACRE
664,40A0856,1961-10-25,1961,10,45.650833,-121.544167,APPROX_1961,19.3,27.3,11.3,53.3,70,280.0,northern,historical_approximation,2025-08-14T21:49:31.013026+00:00,2025-08-14T21:49:31.013026+00:00,,,,,,,,,,,,,,,,,,,OREGON,WHEAT,1958,30.0,BU / ACRE
664,40A0856,1961-10-25,1961,10,45.650833,-121.544167,APPROX_1961,19.3,27.3,11.3,53.3,70,280.0,northern,historical_approximation,2025-08-14T21:49:31.013026+00:00,2025-08-14T21:49:31.013026+00:00,,,,,,,,,,,,,,,,,,,OREGON,BARLEY,1954,34.0,BU / ACRE
664,40A0856,1961-10-25,1961,10,45.650833,-121.544167,APPROX_1961,19.3,27.3,11.3,53.3,70,280.0,northern,historical_approximation,2025-08-14T21:49:31.013026+00:00,2025-08-14T21:49:31.013026+00:00,,,,,,,,,,,,,,,,,,,OREGON,BARLEY,1958,38.5,BU / ACRE
665,40A0857,1961-10-25,1961,10,45.650833,-121.511108,APPROX_1961,19.3,27.3,11.3,53.3,70,280.0,northern,historical_approximation,2025-08-14T21:49:31.013026+00:00,2025-08-14T21:49:31.013026+00:00,,,,,,,,,,,,,,,,,,,OREGON,WHEAT,1958,30.0,BU / ACRE
665,40A0857,1961-10-25,1961,10,45.650833,-121.511108,APPROX_1961,19.3,27.3,11.3,53.3,70,280.0,northern,historical_approximation,2025-08-14T21:49:31.013026+00:00,2025-08-14T21:49:31.013026+00:00,,,,,,,,,,,,,,,,,,,OREGON,BARLEY,1954,34.0,BU / ACRE
665,40A0857,1961-10-25,1961,10,45.650833,-121.511108,APPROX_1961,19.3,27.3,11.3,53.3,70,280.0,northern,historical_approximation,2025-08-14T21:49:31.013026+00:00,2025-08-14T21:49:31.013026+00:00,,,,,,,,,,,,,,,,,,,OREGON,BARLEY,1958,38.5,BU / ACRE
666,40A0858,1959-07-17,1959,7,43.027779,-122.668892,APPROX_1959,35.5,43.5,27.5,15.0,50,764.0,arid,historical_approximation,2025-08-14T21:49:31.013026+00:00,2025-08-14T21:49:31.013026+00:00,,,,,,,,,,,,,,,,,,,OREGON,WHEAT,1958,30.0,BU / ACRE
666,40A0858,1959-07-17,1959,7,43.027779,-122.668892,APPROX_1959,35.5,43.5,27.5,15.0,50,764.0,arid,historical_approximation,2025-08-14T21:49:31.013026+00:00,2025-08-14T21:49:31.013026+00:00,,,,,,,,,,,,,,,,,,,OREGON,BARLEY,1954,34.0,BU / ACRE
666,40A0858,1959-07-17,1959,7,43.027779,-122.668892,APPROX_1959,35.5,43.5,27.5,15.0,50,764.0,arid,historical_approximation,2025-08-14T21:49:31.013026+00:00,2025-08-14T21:49:31.013026+00:00,,,,,,,,,,,,,,,,,,,OREGON,BARLEY,1958,38.5,BU / ACRE
667,40A0859,1959-07-17,1959,7,43.027779,-122.668892,APPROX_1959,35.5,43.5,27.5,15.0,50,764.0,arid,historical_approximation,2025-08-14T21:49:31.013026+00:00,2025-08-14T21:49:31.013026+00:00,,,,,,,,,,,,,,,,,,,OREGON,WHEAT,1958,30.0,BU / ACRE
667,40A0859,1959-07-17,1959,7,43.027779,-122.668892,APPROX_1959,35.5,43.5,27.5,15.0,50,764.0,arid,historical_approximation,2025-08-14T21:49:31.013026+00:00,2025-08-14T21:49:31.013026+00:00,,,,,,,,,,,,,,,,,,,OREGON,BARLEY,1954,34.0,BU / ACRE
667,40A0859,1959-07-17,1959,7,43.027779,-122.668892,APPROX_1959,35.5,43.5,27.5,15.0,50,764.0,arid,historical_approximation,2025-08-14T21:49:31.013026+00:00,2025-08-14T21:49:31.013026+00:00,,,,,,,,,,,,,,,,,,,OREGON,BARLEY,1958,38.5,BU / ACRE
668,40A0860,1959-07-16,1959,7,43.017502,-122.785553,APPROX_1959,35.5,43.5,27.5,15.0,50,764.0,arid,historical_approximation,2025-08-14T21:49:31.013026+00:00,2025-08-14T21:49:31.013026+00:00,,,,,,,,,,,,,,,,,,,OREGON,WHEAT,1958,30.0,BU / ACRE
668,40A0860,1959-07-16,1959,7,43.017502,-122.785553,APPROX_1959,35.5,43.5,27.5,15.0,50,764.0,arid,historical_approximation,2025-08-14T21:49:31.013026+00:00,2025-08-14T21:49:31.013026+00:00,,,,,,,,,,,,,,,,,,,OREGON,BARLEY,1954,34.0,BU / ACRE
668,40A0860,1959-07-16,1959,7,43.017502,-122.785553,APPROX_1959,35.5,43.5,27.5,15.0,50,764.0,arid,historical_approximation,2025-08-14T21:49:31.013026+00:00,2025-08-14T21:49:31.013026+00:00,,,,,,,,,,,,,,,,,,,OREGON,BARLEY,1958,38.5,BU / ACRE
669,40A0861,1960-05-24,1960,5,43.114445,-122.581108,APPROX_1960,28.5,36.5,20.5,15.0,50,555.0,arid,historical_approximation,2025-08-14T21:49:31.013026+00:00,2025-08-14T21:49:31.013026+00:00,,,,,,,,,,,,,,,,,,,OREGON,WHEAT,1958,30.0,BU / ACRE
669,40A0861,1960-05-24,1960,5,43.114445,-122.581108,APPROX_1960,28.5,36.5,20.5,15.0,50,555.0,arid,historical_approximation,2025-08-14T21:49:31.013026+00:00,2025-08-14T21:49:31.013026+00:00,,,,,,,,,,,,,,,,,,,OREGON,BARLEY,1954,34.0,BU / ACRE
669,40A0861,1960-05-24,1960,5,43.114445,-122.581108,APPROX_1960,28.5,36.5,20.5,15.0,50,555.0,arid,historical_approximation,2025-08-14T21:49:31.013026+00:00,2025-08-14T21:49:31.013026+00:00,,,,,,,,,,,,,,,,,,,OREGON,BARLEY,1958,38.5,BU / ACRE
670,40A0865,1955-11-03,1955,11,44.882221,-123.00528,APPROX_1955,18.2,26.2,10.2,35.0,50,248.0,arid,historical_approximation,2025-08-14T21:49:31.013026+00:00,2025-08-14T21:49:31.013026+00:00,,,,,,,,,,,,,,,,,,,OREGON,BARLEY,1954,34.0,BU / ACRE
671,40A0866,1955-11-04,1955,11,44.645001,-123.273056,APPROX_1955,18.2,26.2,10.2,35.0,50,248.0,arid,historical_approximation,2025-08-14T21:49:31.013026+00:00,2025-08-14T21:49:31.013026+00:00,,,,,,,,,,,,,,,,,,,OREGON,BARLEY,1954,34.0,BU / ACRE
672,40A0867,1955-11-05,1955,11,44.636391,-123.293892,APPROX_1955,18.2,26.2,10.2,35.0,50,248.0,arid,historical_approximation,2025-08-14T21:49:31.013026+00:00,2025-08-14T21:49:31.013026+00:00,,,,,,,,,,,,,,,,,,,OREGON,BARLEY,1954,34.0,BU / ACRE
673,40A0868,1955-11-07,1955,11,43.15889,-124.133331,APPROX_1955,18.2,26.2,10.2,35.0,50,248.0,arid,historical_approximation,2025-08-14T21:49:31.013026+00:00,2025-08-14T21:49:31.013026+00:00,,,,,,,,,,,,,,,,,,,OREGON,BARLEY,1954,34.0,BU / ACRE
674,40A0869,1955-11-08,1955,11,43.12611,-124.150276,APPROX_1955,18.2,26.2,10.2,35.0,50,248.0,arid,historical_approximation,2025-08-14T21:49:31.013026+00:00,2025-08-14T21:49:31.013026+00:00,,,,,,,,,,,,,,,,,,,OREGON,BARLEY,1954,34.0,BU / ACRE
675,40A0870,1955-11-08,1955,11,43.528889,-123.269722,APPROX_1955,18.2,26.2,10.2,35.0,50,248.0,arid,historical_approximation,2025-08-14T21:49:31.013026+00:00,2025-08-14T21:49:31.013026+00:00,,,,,,,,,,,,,,,,,,,OREGON,BARLEY,1954,34.0,BU / ACRE
676,40A0871,1955-11-08,1955,11,43.547501,-123.251946,APPROX_1955,18.2,26.2,10.2,35.0,50,248.0,arid,historical_approximation,2025-08-14T21:49:31.013026+00:00,2025-08-14T21:49:31.013026+00:00,,,,,,,,,,,,,,,,,,,OREGON,BARLEY,1954,34.0,BU / ACRE
677,40A0872,1955-11-10,1955,11,42.678055,-122.629997,APPROX_1955,18.2,26.2,10.2,35.0,50,248.0,arid,historical_approximation,2025-08-14T21:49:31.013026+00:00,2025-08-14T21:49:31.013026+00:00,,,,,,,,,,,,,,,,,,,OREGON,BARLEY,1954,34.0,BU / ACRE
678,40A0873,1955-11-10,1955,11,42.665554,-122.663887,APPROX_1955,18.2,26.2,10.2,35.0,50,248.0,arid,historical_approximation,2025-08-14T21:49:31.013026+00:00,2025-08-14T21:49:31.013026+00:00,,,,,,,,,,,,,,,,,,,OREGON,BARLEY,1954,34.0,BU / ACRE
679,40A0874,1955-11-01,1955,11,45.520557,-121.597504,APPROX_1955,13.2,21.1,5.2,53.3,70,95.0,northern,historical_approximation,2025-08-14T21:49:31.013026+00:00,2025-08-14T21:49:31.013026+00:00,,,,,,,,,,,,,,,,,,,OREGON,BARLEY,1954,34.0,BU / ACRE
680,40A0875,1957-04-30,1957,4,45.587776,-121.23111,APPROX_1957,18.2,26.2,10.2,80.0,70,246.0,northern,historical_approximation,2025-08-14T21:49:31.013026+00:00,2025-08-14T21:49:31.013026+00:00,,,,,,,,,,,,,,,,,,,OREGON,BARLEY,1954,34.0,BU / ACRE
681,40A0889,1957-05-04,1957,5,44.871944,-120.807221,APPROX_1957,28.4,36.4,20.4,15.0,50,550.0,arid,historical_approximation,2025-08-14T21:49:31.013026+00:00,2025-08-14T21:49:31.013026+00:00,,,,,,,,,,,,,,,,,,,OREGON,BARLEY,1954,34.0,BU / ACRE
682,40A0876,1957-04-30,1957,4,45.569168,-121.208611,APPROX_1957,18.2,26.2,10.2,80.0,70,246.0,northern,historical_approximation,2025-08-14T21:49:31.013026+00:00,2025-08-14T21:49:31.013026+00:00,,,,,,,,,,,,,,,,,,,OREGON,BARLEY,1954,34.0,BU / ACRE
683,40A0877,1957-05-01,1957,5,45.601666,-121.239998,APPROX_1957,23.2,31.2,15.2,80.0,70,396.0,northern,historical_approximation,2025-08-14T21:49:31.013026+00:00,2025-08-14T21:49:31.013026+00:00,,,,,,,,,,,,,,,,,,,OREGON,BARLEY,1954,34.0,BU / ACRE
684,40A0878,1957-05-01,1957,5,45.579166,-121.010277,APPROX_1957,23.2,31.2,15.2,80.0,70,396.0,northern,historical_approximation,2025-08-14T21:49:31.013026+00:00,2025-08-14T21:49:31.013026+00:00,,,,,,,,,,,,,,,,,,,OREGON,BARLEY,1954,34.0,BU / ACRE
685,40A0879,1957-05-01,1957,5,45.462776,-121.085556,APPROX_1957,23.2,31.2,15.2,80.0,70,396.0,northern,historical_approximation,2025-08-14T21:49:31.013026+00:00,2025-08-14T21:49:31.013026+00:00,,,,,,,,,,,,,,,,,,,OREGON,BARLEY,1954,34.0,BU / ACRE
686,40A0880,1957-04-29,1957,4,45.584168,-121.177223,APPROX_1957,18.2,26.2,10.2,80.0,70,246.0,northern,historical_approximation,2025-08-14T21:49:31.013026+00:00,2025-08-14T21:49:31.013026+00:00,,,,,,,,,,,,,,,,,,,OREGON,BARLEY,1954,34.0,BU / ACRE
687,40A0881,1957-05-02,1957,5,45.487221,-121.128891,APPROX_1957,23.2,31.2,15.2,80.0,70,396.0,northern,historical_approximation,2025-08-14T21:49:31.013026+00:00,2025-08-14T21:49:31.013026+00:00,,,,,,,,,,,,,,,,,,,OREGON,BARLEY,1954,34.0,BU / ACRE
688,40A0882,1955-04-20,1955,4,43.238335,-120.675003,APPROX_1955,23.2,31.2,15.2,15.0,50,398.0,arid,historical_approximation,2025-08-14T21:49:31.013026+00:00,2025-08-14T21:49:31.013026+00:00,,,,,,,,,,,,,,,,,,,OREGON,BARLEY,1954,34.0,BU / ACRE
689,40A0883,1957-05-02,1957,5,45.346111,-121.334724,APPROX_1957,23.2,31.2,15.2,80.0,70,396.0,northern,historical_approximation,2025-08-14T21:49:31.013026+00:00,2025-08-14T21:49:31.013026+00:00,,,,,,,,,,,,,,,,,,,OREGON,BARLEY,1954,34.0,BU / ACRE
690,40A0884,1957-05-02,1957,5,45.344723,-121.264168,APPROX_1957,23.2,31.2,15.2,80.0,70,396.0,northern,historical_approximation,2025-08-14T21:49:31.013026+00:00,2025-08-14T21:49:31.013026+00:00,,,,,,,,,,,,,,,,,,,OREGON,BARLEY,1954,34.0,BU / ACRE
691,40A0885,1957-05-03,1957,5,45.189167,-120.980553,APPROX_1957,23.2,31.2,15.2,80.0,70,396.0,northern,historical_approximation,2025-08-14T21:49:31.013026+00:00,2025-08-14T21:49:31.013026+00:00,,,,,,,,,,,,,,,,,,,OREGON,BARLEY,1954,34.0,BU / ACRE
692,40A0886,1957-05-03,1957,5,45.163055,-120.902496,APPROX_1957,23.2,31.2,15.2,80.0,70,396.0,northern,historical_approximation,2025-08-14T21:49:31.013026+00:00,2025-08-14T21:49:31.013026+00:00,,,,,,,,,,,,,,,,,,,OREGON,BARLEY,1954,34.0,BU / ACRE
693,40A0887,1957-05-03,1957,5,44.985279,-120.744446,APPROX_1957,28.4,36.4,20.4,15.0,50,550.0,arid,historical_approximation,2025-08-14T21:49:31.013026+00:00,2025-08-14T21:49:31.013026+00:00,,,,,,,,,,,,,,,,,,,OREGON,BARLEY,1954,34.0,BU / ACRE
694,40A0888,1957-05-04,1957,5,44.953335,-120.976112,APPROX_1957,28.4,36.4,20.4,15.0,50,550.0,arid,historical_approximation,2025-08-14T21:49:31.013026+00:00,2025-08-14T21:49:31.013026+00:00,,,,,,,,,,,,,,,,,,,OREGON,BARLEY,1954,34.0,BU / ACRE
695,40A0890,1957-05-01,1957,5,44.879166,-120.724724,APPROX_1957,28.4,36.4,20.4,15.0,50,550.0,arid,historical_approximation,2025-08-14T21:49:31.013026+00:00,2025-08-14T21:49:31.013026+00:00,,,,,,,,,,,,,,,,,,,OREGON,BARLEY,1954,34.0,BU / ACRE
696,40A0891,1957-05-04,1957,5,44.83712,-120.798532,APPROX_1957,28.4,36.4,20.4,15.0,50,550.0,arid,historical_approximation,2025-08-14T21:49:31.013026+00:00,2025-08-14T21:49:31.013026+00:00,,,,,,,,,,,,,,,,,,,OREGON,BARLEY,1954,34.0,BU / ACRE
697,40A0892,1957-05-10,1957,5,44.823612,-120.755554,APPROX_1957,28.4,36.4,20.4,15.0,50,550.0,arid,historical_approximation,2025-08-14T21:49:31.013026+00:00,2025-08-14T21:49:31.013026+00:00,,,,,,,,,,,,,,,,,,,OREGON,BARLEY,1954,34.0,BU / ACRE
698,40A0893,1957-05-08,1957,5,45.272499,-120.703888,APPROX_1957,23.2,31.2,15.2,80.0,70,396.0,northern,historical_approximation,2025-08-14T21:49:31.013026+00:00,2025-08-14T21:49:31.013026+00:00,,,,,,,,,,,,,,,,,,,OREGON,BARLEY,1954,34.0,BU / ACRE
699,40A0894,1957-06-01,1957,6,45.59222,-120.68972,APPROX_1957,27.2,35.2,19.2,80.0,70,516.0,northern,historical_approximation,2025-08-14T21:49:31.013026+00:00,2025-08-14T21:49:31.013026+00:00,,,,,,,,,,,,,,,,,,,OREGON,BARLEY,1954,34.0,BU / ACRE
700,40A0895,1957-05-08,1957,5,45.506111,-120.681389,APPROX_1957,23.2,31.2,15.2,80.0,70,396.0,northern,historical_approximation,2025-08-14T21:49:31.013026+00:00,2025-08-14T21:49:31.013026+00:00,,,,,,,,,,,,,,,,,,,OREGON,BARLEY,1954,34.0,BU / ACRE
701,40A0896,1957-05-07,1957,5,45.53389,-120.7425,APPROX_1957,23.2,31.2,15.2,80.0,70,396.0,northern,historical_approximation,2025-08-14T21:49:31.672445+00:00,2025-08-14T21:49:31.672445+00:00,,,,,,,,,,,,,,,,,,,OREGON,BARLEY,1954,34.0,BU / ACRE
702,40A0897,1957-05-07,1957,5,45.648888,-120.653053,APPROX_1957,23.2,31.2,15.2,80.0,70,396.0,northern,historical_approximation,2025-08-14T21:49:31.672445+00:00,2025-08-14T21:49:31.672445+00:00,,,,,,,,,,,,,,,,,,,OREGON,BARLEY,1954,34.0,BU / ACRE
703,40A0898,1957-05-08,1957,5,45.620834,-120.526665,APPROX_1957,23.2,31.2,15.2,80.0,70,396.0,northern,historical_approximation,2025-08-14T21:49:31.672445+00:00,2025-08-14T21:49:31.672445+00:00,,,,,,,,,,,,,,,,,,,OREGON,BARLEY,1954,34.0,BU / ACRE
704,40A0899,1957-05-09,1957,5,45.241943,-120.578888,APPROX_1957,23.2,31.2,15.2,80.0,70,396.0,northern,historical_approximation,2025-08-14T21:49:31.672445+00:00,2025-08-14T21:49:31.672445+00:00,,,,,,,,,,,,,,,,,,,OREGON,BARLEY,1954,34.0,BU / ACRE
705,40A0900,1957-05-09,1957,5,45.253887,-120.970001,APPROX_1957,23.2,31.2,15.2,80.0,70,396.0,northern,historical_approximation,2025-08-14T21:49:31.672445+00:00,2025-08-14T21:49:31.672445+00:00,,,,,,,,,,,,,,,,,,,OREGON,BARLEY,1954,34.0,BU / ACRE
706,40A0901,1957-05-06,1957,5,45.236111,-120.210556,APPROX_1957,23.2,31.2,15.2,80.0,70,396.0,northern,historical_approximation,2025-08-14T21:49:31.672445+00:00,2025-08-14T21:49:31.672445+00:00,,,,,,,,,,,,,,,,,,,OREGON,BARLEY,1954,34.0,BU / ACRE
707,40A0902,1955-04-01,1955,4,44.372501,-120.951942,APPROX_1955,23.2,31.2,15.2,15.0,50,398.0,arid,historical_approximation,2025-08-14T21:49:31.672445+00:00,2025-08-14T21:49:31.672445+00:00,,,,,,,,,,,,,,,,,,,OREGON,BARLEY,1954,34.0,BU / ACRE
708,40A0903,1955-04-01,1955,4,44.366665,-120.921944,APPROX_1955,23.2,31.2,15.2,15.0,50,398.0,arid,historical_approximation,2025-08-14T21:49:31.672445+00:00,2025-08-14T21:49:31.672445+00:00,,,,,,,,,,,,,,,,,,,OREGON,BARLEY,1954,34.0,BU / ACRE
709,40A0904,1955-04-01,1955,4,44.340557,-120.861664,APPROX_1955,23.2,31.2,15.2,15.0,50,398.0,arid,historical_approximation,2025-08-14T21:49:31.672445+00:00,2025-08-14T21:49:31.672445+00:00,,,,,,,,,,,,,,,,,,,OREGON,BARLEY,1954,34.0,BU / ACRE
710,40A0905,1955-07-01,1955,7,44.353054,-120.874168,APPROX_1955,35.2,43.2,27.2,15.0,50,758.0,arid,historical_approximation,2025-08-14T21:49:31.672445+00:00,2025-08-14T21:49:31.672445+00:00,,,,,,,,,,,,,,,,,,,OREGON,BARLEY,1954,34.0,BU / ACRE
711,40A0906,1955-04-01,1955,4,44.173611,-120.78389,APPROX_1955,23.2,31.2,15.2,15.0,50,398.0,arid,historical_approximation,2025-08-14T21:49:31.672445+00:00,2025-08-14T21:49:31.672445+00:00,,,,,,,,,,,,,,,,,,,OREGON,BARLEY,1954,34.0,BU / ACRE
712,40A0907,1955-07-01,1955,7,44.340557,-120.861664,APPROX_1955,35.2,43.2,27.2,15.0,50,758.0,arid,historical_approximation,2025-08-14T21:49:31.672445+00:00,2025-08-14T21:49:31.672445+00:00,,,,,,,,,,,,,,,,,,,OREGON,BARLEY,1954,34.0,BU / ACRE
713,40A0908,1955-06-01,1955,6,44.468887,-121.04361,APPROX_1955,32.2,40.2,24.2,15.0,50,668.0,arid,historical_approximation,2025-08-14T21:49:31.672445+00:00,2025-08-14T21:49:31.672445+00:00,,,,,,,,,,,,,,,,,,,OREGON,BARLEY,1954,34.0,BU / ACRE
714,40A0909,1955-04-01,1955,4,44.396668,-120.960556,APPROX_1955,23.2,31.2,15.2,15.0,50,398.0,arid,historical_approximation,2025-08-14T21:49:31.672445+00:00,2025-08-14T21:49:31.672445+00:00,,,,,,,,,,,,,,,,,,,OREGON,BARLEY,1954,34.0,BU / ACRE
715,40A0910,1955-04-01,1955,4,44.224999,-120.894722,APPROX_1955,23.2,31.2,15.2,15.0,50,398.0,arid,historical_approximation,2025-08-14T21:49:31.672445+00:00,2025-08-14T21:49:31.672445+00:00,,,,,,,,,,,,,,,,,,,OREGON,BARLEY,1954,34.0,BU / ACRE
716,40A0911,1955-04-01,1955,4,44.296391,-120.833054,APPROX_1955,23.2,31.2,15.2,15.0,50,398.0,arid,historical_approximation,2025-08-14T21:49:31.672445+00:00,2025-08-14T21:49:31.672445+00:00,,,,,,,,,,,,,,,,,,,OREGON,BARLEY,1954,34.0,BU / ACRE
717,40A0912,1955-04-01,1955,4,44.25,-120.862503,APPROX_1955,23.2,31.2,15.2,15.0,50,398.0,arid,historical_approximation,2025-08-14T21:49:31.672445+00:00,2025-08-14T21:49:31.672445+00:00,,,,,,,,,,,,,,,,,,,OREGON,BARLEY,1954,34.0,BU / ACRE
718,40A0913,1955-04-01,1955,4,44.283333,-120.828613,APPROX_1955,23.2,31.2,15.2,15.0,50,398.0,arid,historical_approximation,2025-08-14T21:49:31.672445+00:00,2025-08-14T21:49:31.672445+00:00,,,,,,,,,,,,,,,,,,,OREGON,BARLEY,1954,34.0,BU / ACRE
719,40A0914,1955-04-01,1955,4,44.28611,-120.927223,APPROX_1955,23.2,31.2,15.2,15.0,50,398.0,arid,historical_approximation,2025-08-14T21:49:31.672445+00:00,2025-08-14T21:49:31.672445+00:00,,,,,,,,,,,,,,,,,,,OREGON,BARLEY,1954,34.0,BU / ACRE
720,40A0915,1955-04-01,1955,4,44.215832,-120.910835,APPROX_1955,23.2,31.2,15.2,15.0,50,398.0,arid,historical_approximation,2025-08-14T21:49:31.672445+00:00,2025-08-14T21:49:31.672445+00:00,,,,,,,,,,,,,,,,,,,OREGON,BARLEY,1954,34.0,BU / ACRE
721,40A0916,1955-04-01,1955,4,44.21389,-120.910835,APPROX_1955,23.2,31.2,15.2,15.0,50,398.0,arid,historical_approximation,2025-08-14T21:49:31.672445+00:00,2025-08-14T21:49:31.672445+00:00,,,,,,,,,,,,,,,,,,,OREGON,BARLEY,1954,34.0,BU / ACRE
722,40A0917,1955-04-01,1955,4,44.28278,-120.942497,APPROX_1955,23.2,31.2,15.2,15.0,50,398.0,arid,historical_approximation,2025-08-14T21:49:31.672445+00:00,2025-08-14T21:49:31.672445+00:00,,,,,,,,,,,,,,,,,,,OREGON,BARLEY,1954,34.0,BU / ACRE
723,40A0918,1955-04-01,1955,4,44.184723,-121.011391,APPROX_1955,23.2,31.2,15.2,15.0,50,398.0,arid,historical_approximation,2025-08-14T21:49:31.672445+00:00,2025-08-14T21:49:31.672445+00:00,,,,,,,,,,,,,,,,,,,OREGON,BARLEY,1954,34.0,BU / ACRE
724,40A0919,1955-04-01,1955,4,44.248333,-120.964722,APPROX_1955,23.2,31.2,15.2,15.0,50,398.0,arid,historical_approximation,2025-08-14T21:49:31.672445+00:00,2025-08-14T21:49:31.672445+00:00,,,,,,,,,,,,,,,,,,,OREGON,BARLEY,1954,34.0,BU / ACRE
725,40A0920,1955-04-01,1955,4,44.268612,-120.901947,APPROX_1955,23.2,31.2,15.2,15.0,50,398.0,arid,historical_approximation,2025-08-14T21:49:31.672445+00:00,2025-08-14T21:49:31.672445+00:00,,,,,,,,,,,,,,,,,,,OREGON,BARLEY,1954,34.0,BU / ACRE
726,40A0921,1955-06-01,1955,6,44.305557,-120.913612,APPROX_1955,32.2,40.2,24.2,15.0,50,668.0,arid,historical_approximation,2025-08-14T21:49:31.672445+00:00,2025-08-14T21:49:31.672445+00:00,,,,,,,,,,,,,,,,,,,OREGON,BARLEY,1954,34.0,BU / ACRE
727,40A0922,1955-04-01,1955,4,44.226666,-120.953331,APPROX_1955,23.2,31.2,15.2,15.0,50,398.0,arid,historical_approximation,2025-08-14T21:49:31.672445+00:00,2025-08-14T21:49:31.672445+00:00,,,,,,,,,,,,,,,,,,,OREGON,BARLEY,1954,34.0,BU / ACRE
728,40A0923,1955-10-31,1955,10,45.672039,-121.637001,APPROX_1955,19.1,27.1,11.1,53.3,70,274.0,northern,historical_approximation,2025-08-14T21:49:31.672445+00:00,2025-08-14T21:49:31.672445+00:00,,,,,,,,,,,,,,,,,,,OREGON,BARLEY,1954,34.0,BU / ACRE
729,40A0924,1955-11-01,1955,11,45.632874,-121.63533,APPROX_1955,13.2,21.1,5.2,53.3,70,95.0,northern,historical_approximation,2025-08-14T21:49:31.672445+00:00,2025-08-14T21:49:31.672445+00:00,,,,,,,,,,,,,,,,,,,OREGON,BARLEY,1954,34.0,BU / ACRE
730,40A0925,1960-07-19,1960,7,44.830555,-122.613609,APPROX_1960,35.5,43.5,27.5,15.0,50,765.0,arid,historical_approximation,2025-08-14T21:49:31.672445+00:00,2025-08-14T21:49:31.672445+00:00,,,,,,,,,,,,,,,,,,,OREGON,WHEAT,1958,30.0,BU / ACRE
730,40A0925,1960-07-19,1960,7,44.830555,-122.613609,APPROX_1960,35.5,43.5,27.5,15.0,50,765.0,arid,historical_approximation,2025-08-14T21:49:31.672445+00:00,2025-08-14T21:49:31.672445+00:00,,,,,,,,,,,,,,,,,,,OREGON,BARLEY,1954,34.0,BU / ACRE
730,40A0925,1960-07-19,1960,7,44.830555,-122.613609,APPROX_1960,35.5,43.5,27.5,15.0,50,765.0,arid,historical_approximation,2025-08-14T21:49:31.672445+00:00,2025-08-14T21:49:31.672445+00:00,,,,,,,,,,,,,,,,,,,OREGON,BARLEY,1958,38.5,BU / ACRE
731,40A0926,1960-07-19,1960,7,44.834446,-122.644165,APPROX_1960,35.5,43.5,27.5,15.0,50,765.0,arid,historical_approximation,2025-08-14T21:49:31.672445+00:00,2025-08-14T21:49:31.672445+00:00,,,,,,,,,,,,,,,,,,,OREGON,WHEAT,1958,30.0,BU / ACRE
731,40A0926,1960-07-19,1960,7,44.834446,-122.644165,APPROX_1960,35.5,43.5,27.5,15.0,50,765.0,arid,historical_approximation,2025-08-14T21:49:31.672445+00:00,2025-08-14T21:49:31.672445+00:00,,,,,,,,,,,,,,,,,,,OREGON,BARLEY,1954,34.0,BU / ACRE
731,40A0926,1960-07-19,1960,7,44.834446,-122.644165,APPROX_1960,35.5,43.5,27.5,15.0,50,765.0,arid,historical_approximation,2025-08-14T21:49:31.672445+00:00,2025-08-14T21:49:31.672445+00:00,,,,,,,,,,,,,,,,,,,OREGON,BARLEY,1958,38.5,BU / ACRE
732,40A0927,1960-07-19,1960,7,44.850555,-122.654724,APPROX_1960,35.5,43.5,27.5,15.0,50,765.0,arid,historical_approximation,2025-08-14T21:49:31.672445+00:00,2025-08-14T21:49:31.672445+00:00,,,,,,,,,,,,,,,,,,,OREGON,WHEAT,1958,30.0,BU / ACRE
732,40A0927,1960-07-19,1960,7,44.850555,-122.654724,APPROX_1960,35.5,43.5,27.5,15.0,50,765.0,arid,historical_approximation,2025-08-14T21:49:31.672445+00:00,2025-08-14T21:49:31.672445+00:00,,,,,,,,,,,,,,,,,,,OREGON,BARLEY,1954,34.0,BU / ACRE
732,40A0927,1960-07-19,1960,7,44.850555,-122.654724,APPROX_1960,35.5,43.5,27.5,15.0,50,765.0,arid,historical_approximation,2025-08-14T21:49:31.672445+00:00,2025-08-14T21:49:31.672445+00:00,,,,,,,,,,,,,,,,,,,OREGON,BARLEY,1958,38.5,BU / ACRE
733,40A0928,1960-07-20,1960,7,44.855278,-122.681946,APPROX_1960,35.5,43.5,27.5,15.0,50,765.0,arid,historical_approximation,2025-08-14T21:49:31.672445+00:00,2025-08-14T21:49:31.672445+00:00,,,,,,,,,,,,,,,,,,,OREGON,WHEAT,1958,30.0,BU / ACRE
733,40A0928,1960-07-20,1960,7,44.855278,-122.681946,APPROX_1960,35.5,43.5,27.5,15.0,50,765.0,arid,historical_approximation,2025-08-14T21:49:31.672445+00:00,2025-08-14T21:49:31.672445+00:00,,,,,,,,,,,,,,,,,,,OREGON,BARLEY,1954,34.0,BU / ACRE
733,40A0928,1960-07-20,1960,7,44.855278,-122.681946,APPROX_1960,35.5,43.5,27.5,15.0,50,765.0,arid,historical_approximation,2025-08-14T21:49:31.672445+00:00,2025-08-14T21:49:31.672445+00:00,,,,,,,,,,,,,,,,,,,OREGON,BARLEY,1958,38.5,BU / ACRE
734,40A0929,1960-07-21,1960,7,44.869167,-122.754166,APPROX_1960,35.5,43.5,27.5,15.0,50,765.0,arid,historical_approximation,2025-08-14T21:49:31.672445+00:00,2025-08-14T21:49:31.672445+00:00,,,,,,,,,,,,,,,,,,,OREGON,WHEAT,1958,30.0,BU / ACRE
734,40A0929,1960-07-21,1960,7,44.869167,-122.754166,APPROX_1960,35.5,43.5,27.5,15.0,50,765.0,arid,historical_approximation,2025-08-14T21:49:31.672445+00:00,2025-08-14T21:49:31.672445+00:00,,,,,,,,,,,,,,,,,,,OREGON,BARLEY,1954,34.0,BU / ACRE
734,40A0929,1960-07-21,1960,7,44.869167,-122.754166,APPROX_1960,35.5,43.5,27.5,15.0,50,765.0,arid,historical_approximation,2025-08-14T21:49:31.672445+00:00,2025-08-14T21:49:31.672445+00:00,,,,,,,,,,,,,,,,,,,OREGON,BARLEY,1958,38.5,BU / ACRE
735,40A0930,1960-07-22,1960,7,44.8675,-122.836945,APPROX_1960,35.5,43.5,27.5,15.0,50,765.0,arid,historical_approximation,2025-08-14T21:49:31.672445+00:00,2025-08-14T21:49:31.672445+00:00,,,,,,,,,,,,,,,,,,,OREGON,WHEAT,1958,30.0,BU / ACRE
735,40A0930,1960-07-22,1960,7,44.8675,-122.836945,APPROX_1960,35.5,43.5,27.5,15.0,50,765.0,arid,historical_approximation,2025-08-14T21:49:31.672445+00:00,2025-08-14T21:49:31.672445+00:00,,,,,,,,,,,,,,,,,,,OREGON,BARLEY,1954,34.0,BU / ACRE
735,40A0930,1960-07-22,1960,7,44.8675,-122.836945,APPROX_1960,35.5,43.5,27.5,15.0,50,765.0,arid,historical_approximation,2025-08-14T21:49:31.672445+00:00,2025-08-14T21:49:31.672445+00:00,,,,,,,,,,,,,,,,,,,OREGON,BARLEY,1958,38.5,BU / ACRE
736,40A0931,1960-07-22,1960,7,44.872776,-122.837219,APPROX_1960,35.5,43.5,27.5,15.0,50,765.0,arid,historical_approximation,2025-08-14T21:49:31.672445+00:00,2025-08-14T21:49:31.672445+00:00,,,,,,,,,,,,,,,,,,,OREGON,WHEAT,1958,30.0,BU / ACRE
736,40A0931,1960-07-22,1960,7,44.872776,-122.837219,APPROX_1960,35.5,43.5,27.5,15.0,50,765.0,arid,historical_approximation,2025-08-14T21:49:31.672445+00:00,2025-08-14T21:49:31.672445+00:00,,,,,,,,,,,,,,,,,,,OREGON,BARLEY,1954,34.0,BU / ACRE
736,40A0931,1960-07-22,1960,7,44.872776,-122.837219,APPROX_1960,35.5,43.5,27.5,15.0,50,765.0,arid,historical_approximation,2025-08-14T21:49:31.672445+00:00,2025-08-14T21:49:31.672445+00:00,,,,,,,,,,,,,,,,,,,OREGON,BARLEY,1958,38.5,BU / ACRE
737,40A0932,1960-06-01,1960,6,44.840279,-123.00972,APPROX_1960,32.5,40.5,24.5,15.0,50,675.0,arid,historical_approximation,2025-08-14T21:49:31.672445+00:00,2025-08-14T21:49:31.672445+00:00,,,,,,,,,,,,,,,,,,,OREGON,WHEAT,1958,30.0,BU / ACRE
737,40A0932,1960-06-01,1960,6,44.840279,-123.00972,APPROX_1960,32.5,40.5,24.5,15.0,50,675.0,arid,historical_approximation,2025-08-14T21:49:31.672445+00:00,2025-08-14T21:49:31.672445+00:00,,,,,,,,,,,,,,,,,,,OREGON,BARLEY,1954,34.0,BU / ACRE
737,40A0932,1960-06-01,1960,6,44.840279,-123.00972,APPROX_1960,32.5,40.5,24.5,15.0,50,675.0,arid,historical_approximation,2025-08-14T21:49:31.672445+00:00,2025-08-14T21:49:31.672445+00:00,,,,,,,,,,,,,,,,,,,OREGON,BARLEY,1958,38.5,BU / ACRE
738,40A0933,1959-10-27,1959,10,44.603695,-123.058685,APPROX_1959,24.4,32.5,16.4,35.0,50,434.0,arid,historical_approximation,2025-08-14T21:49:31.672445+00:00,2025-08-14T21:49:31.672445+00:00,,,,,,,,,,,,,,,,,,,OREGON,WHEAT,1958,30.0,BU / ACRE
738,40A0933,1959-10-27,1959,10,44.603695,-123.058685,APPROX_1959,24.4,32.5,16.4,35.0,50,434.0,arid,historical_approximation,2025-08-14T21:49:31.672445+00:00,2025-08-14T21:49:31.672445+00:00,,,,,,,,,,,,,,,,,,,OREGON,BARLEY,1954,34.0,BU / ACRE
738,40A0933,1959-10-27,1959,10,44.603695,-123.058685,APPROX_1959,24.4,32.5,16.4,35.0,50,434.0,arid,historical_approximation,2025-08-14T21:49:31.672445+00:00,2025-08-14T21:49:31.672445+00:00,,,,,,,,,,,,,,,,,,,OREGON,BARLEY,1958,38.5,BU / ACRE
739,40A0934,1959-10-27,1959,10,44.607777,-123.032219,APPROX_1959,24.4,32.5,16.4,35.0,50,434.0,arid,historical_approximation,2025-08-14T21:49:31.672445+00:00,2025-08-14T21:49:31.672445+00:00,,,,,,,,,,,,,,,,,,,OREGON,WHEAT,1958,30.0,BU / ACRE
739,40A0934,1959-10-27,1959,10,44.607777,-123.032219,APPROX_1959,24.4,32.5,16.4,35.0,50,434.0,arid,historical_approximation,2025-08-14T21:49:31.672445+00:00,2025-08-14T21:49:31.672445+00:00,,,,,,,,,,,,,,,,,,,OREGON,BARLEY,1954,34.0,BU / ACRE
739,40A0934,1959-10-27,1959,10,44.607777,-123.032219,APPROX_1959,24.4,32.5,16.4,35.0,50,434.0,arid,historical_approximation,2025-08-14T21:49:31.672445+00:00,2025-08-14T21:49:31.672445+00:00,,,,,,,,,,,,,,,,,,,OREGON,BARLEY,1958,38.5,BU / ACRE
740,40A0935,1959-07-26,1959,7,45.384445,-122.809166,APPROX_1959,30.3,38.3,22.3,80.0,70,608.0,northern,historical_approximation,2025-08-14T21:49:31.672445+00:00,2025-08-14T21:49:31.672445+00:00,,,,,,,,,,,,,,,,,,,OREGON,WHEAT,1958,30.0,BU / ACRE
740,40A0935,1959-07-26,1959,7,45.384445,-122.809166,APPROX_1959,30.3,38.3,22.3,80.0,70,608.0,northern,historical_approximation,2025-08-14T21:49:31.672445+00:00,2025-08-14T21:49:31.672445+00:00,,,,,,,,,,,,,,,,,,,OREGON,BARLEY,1954,34.0,BU / ACRE
740,40A0935,1959-07-26,1959,7,45.384445,-122.809166,APPROX_1959,30.3,38.3,22.3,80.0,70,608.0,northern,historical_approximation,2025-08-14T21:49:31.672445+00:00,2025-08-14T21:49:31.672445+00:00,,,,,,,,,,,,,,,,,,,OREGON,BARLEY,1958,38.5,BU / ACRE
741,40A0936,1959-07-26,1959,7,45.395279,-122.812225,APPROX_1959,30.3,38.3,22.3,80.0,70,608.0,northern,historical_approximation,2025-08-14T21:49:31.672445+00:00,2025-08-14T21:49:31.672445+00:00,,,,,,,,,,,,,,,,,,,OREGON,WHEAT,1958,30.0,BU / ACRE
741,40A0936,1959-07-26,1959,7,45.395279,-122.812225,APPROX_1959,30.3,38.3,22.3,80.0,70,608.0,northern,historical_approximation,2025-08-14T21:49:31.672445+00:00,2025-08-14T21:49:31.672445+00:00,,,,,,,,,,,,,,,,,,,OREGON,BARLEY,1954,34.0,BU / ACRE
741,40A0936,1959-07-26,1959,7,45.395279,-122.812225,APPROX_1959,30.3,38.3,22.3,80.0,70,608.0,northern,historical_approximation,2025-08-14T21:49:31.672445+00:00,2025-08-14T21:49:31.672445+00:00,,,,,,,,,,,,,,,,,,,OREGON,BARLEY,1958,38.5,BU / ACRE
742,40A0937,1959-10-29,1959,10,45.451668,-123.041115,APPROX_1959,19.3,27.3,11.3,53.3,70,278.0,northern,historical_approximation,2025-08-14T21:49:31.672445+00:00,2025-08-14T21:49:31.672445+00:00,,,,,,,,,,,,,,,,,,,OREGON,WHEAT,1958,30.0,BU / ACRE
742,40A0937,1959-10-29,1959,10,45.451668,-123.041115,APPROX_1959,19.3,27.3,11.3,53.3,70,278.0,northern,historical_approximation,2025-08-14T21:49:31.672445+00:00,2025-08-14T21:49:31.672445+00:00,,,,,,,,,,,,,,,,,,,OREGON,BARLEY,1954,34.0,BU / ACRE
742,40A0937,1959-10-29,1959,10,45.451668,-123.041115,APPROX_1959,19.3,27.3,11.3,53.3,70,278.0,northern,historical_approximation,2025-08-14T21:49:31.672445+00:00,2025-08-14T21:49:31.672445+00:00,,,,,,,,,,,,,,,,,,,OREGON,BARLEY,1958,38.5,BU / ACRE
743,40A0938,1959-10-29,1959,10,45.429443,-123.015831,APPROX_1959,19.3,27.3,11.3,53.3,70,278.0,northern,historical_approximation,2025-08-14T21:49:31.672445+00:00,2025-08-14T21:49:31.672445+00:00,,,,,,,,,,,,,,,,,,,OREGON,WHEAT,1958,30.0,BU / ACRE
743,40A0938,1959-10-29,1959,10,45.429443,-123.015831,APPROX_1959,19.3,27.3,11.3,53.3,70,278.0,northern,historical_approximation,2025-08-14T21:49:31.672445+00:00,2025-08-14T21:49:31.672445+00:00,,,,,,,,,,,,,,,,,,,OREGON,BARLEY,1954,34.0,BU / ACRE
743,40A0938,1959-10-29,1959,10,45.429443,-123.015831,APPROX_1959,19.3,27.3,11.3,53.3,70,278.0,northern,historical_approximation,2025-08-14T21:49:31.672445+00:00,2025-08-14T21:49:31.672445+00:00,,,,,,,,,,,,,,,,,,,OREGON,BARLEY,1958,38.5,BU / ACRE
744,40A0939,1959-07-24,1959,7,42.290554,-122.844719,APPROX_1959,35.5,43.5,27.5,15.0,50,764.0,arid,historical_approximation,2025-08-14T21:49:31.672445+00:00,2025-08-14T21:49:31.672445+00:00,,,,,,,,,,,,,,,,,,,OREGON,WHEAT,1958,30.0,BU / ACRE
744,40A0939,1959-07-24,1959,7,42.290554,-122.844719,APPROX_1959,35.5,43.5,27.5,15.0,50,764.0,arid,historical_approximation,2025-08-14T21:49:31.672445+00:00,2025-08-14T21:49:31.672445+00:00,,,,,,,,,,,,,,,,,,,OREGON,BARLEY,1954,34.0,BU / ACRE
744,40A0939,1959-07-24,1959,7,42.290554,-122.844719,APPROX_1959,35.5,43.5,27.5,15.0,50,764.0,arid,historical_approximation,2025-08-14T21:49:31.672445+00:00,2025-08-14T21:49:31.672445+00:00,,,,,,,,,,,,,,,,,,,OREGON,BARLEY,1958,38.5,BU / ACRE
745,40A0940,1959-07-24,1959,7,42.244167,-122.800552,APPROX_1959,35.5,43.5,27.5,15.0,50,764.0,arid,historical_approximation,2025-08-14T21:49:31.672445+00:00,2025-08-14T21:49:31.672445+00:00,,,,,,,,,,,,,,,,,,,OREGON,WHEAT,1958,30.0,BU / ACRE
745,40A0940,1959-07-24,1959,7,42.244167,-122.800552,APPROX_1959,35.5,43.5,27.5,15.0,50,764.0,arid,historical_approximation,2025-08-14T21:49:31.672445+00:00,2025-08-14T21:49:31.672445+00:00,,,,,,,,,,,,,,,,,,,OREGON,BARLEY,1954,34.0,BU / ACRE
745,40A0940,1959-07-24,1959,7,42.244167,-122.800552,APPROX_1959,35.5,43.5,27.5,15.0,50,764.0,arid,historical_approximation,2025-08-14T21:49:31.672445+00:00,2025-08-14T21:49:31.672445+00:00,,,,,,,,,,,,,,,,,,,OREGON,BARLEY,1958,38.5,BU / ACRE
746,40A0941,1959-07-23,1959,7,43.271389,-123.440834,APPROX_1959,35.5,43.5,27.5,15.0,50,764.0,arid,historical_approximation,2025-08-14T21:49:31.672445+00:00,2025-08-14T21:49:31.672445+00:00,,,,,,,,,,,,,,,,,,,OREGON,WHEAT,1958,30.0,BU / ACRE
746,40A0941,1959-07-23,1959,7,43.271389,-123.440834,APPROX_1959,35.5,43.5,27.5,15.0,50,764.0,arid,historical_approximation,2025-08-14T21:49:31.672445+00:00,2025-08-14T21:49:31.672445+00:00,,,,,,,,,,,,,,,,,,,OREGON,BARLEY,1954,34.0,BU / ACRE
746,40A0941,1959-07-23,1959,7,43.271389,-123.440834,APPROX_1959,35.5,43.5,27.5,15.0,50,764.0,arid,historical_approximation,2025-08-14T21:49:31.672445+00:00,2025-08-14T21:49:31.672445+00:00,,,,,,,,,,,,,,,,,,,OREGON,BARLEY,1958,38.5,BU / ACRE
747,40A0942,1959-07-23,1959,7,43.362499,-123.468613,APPROX_1959,35.5,43.5,27.5,15.0,50,764.0,arid,historical_approximation,2025-08-14T21:49:31.672445+00:00,2025-08-14T21:49:31.672445+00:00,,,,,,,,,,,,,,,,,,,OREGON,WHEAT,1958,30.0,BU / ACRE
747,40A0942,1959-07-23,1959,7,43.362499,-123.468613,APPROX_1959,35.5,43.5,27.5,15.0,50,764.0,arid,historical_approximation,2025-08-14T21:49:31.672445+00:00,2025-08-14T21:49:31.672445+00:00,,,,,,,,,,,,,,,,,,,OREGON,BARLEY,1954,34.0,BU / ACRE
747,40A0942,1959-07-23,1959,7,43.362499,-123.468613,APPROX_1959,35.5,43.5,27.5,15.0,50,764.0,arid,historical_approximation,2025-08-14T21:49:31.672445+00:00,2025-08-14T21:49:31.672445+00:00,,,,,,,,,,,,,,,,,,,OREGON,BARLEY,1958,38.5,BU / ACRE
748,40A0943,1959-07-22,1959,7,44.474251,-123.159798,APPROX_1959,35.5,43.5,27.5,15.0,50,764.0,arid,historical_approximation,2025-08-14T21:49:31.672445+00:00,2025-08-14T21:49:31.672445+00:00,,,,,,,,,,,,,,,,,,,OREGON,WHEAT,1958,30.0,BU / ACRE
748,40A0943,1959-07-22,1959,7,44.474251,-123.159798,APPROX_1959,35.5,43.5,27.5,15.0,50,764.0,arid,historical_approximation,2025-08-14T21:49:31.672445+00:00,2025-08-14T21:49:31.672445+00:00,,,,,,,,,,,,,,,,,,,OREGON,BARLEY,1954,34.0,BU / ACRE
748,40A0943,1959-07-22,1959,7,44.474251,-123.159798,APPROX_1959,35.5,43.5,27.5,15.0,50,764.0,arid,historical_approximation,2025-08-14T21:49:31.672445+00:00,2025-08-14T21:49:31.672445+00:00,,,,,,,,,,,,,,,,,,,OREGON,BARLEY,1958,38.5,BU / ACRE
749,40A0944,1959-07-22,1959,7,44.445,-123.181114,APPROX_1959,35.5,43.5,27.5,15.0,50,764.0,arid,historical_approximation,2025-08-14T21:49:31.672445+00:00,2025-08-14T21:49:31.672445+00:00,,,,,,,,,,,,,,,,,,,OREGON,WHEAT,1958,30.0,BU / ACRE
749,40A0944,1959-07-22,1959,7,44.445,-123.181114,APPROX_1959,35.5,43.5,27.5,15.0,50,764.0,arid,historical_approximation,2025-08-14T21:49:31.672445+00:00,2025-08-14T21:49:31.672445+00:00,,,,,,,,,,,,,,,,,,,OREGON,BARLEY,1954,34.0,BU / ACRE
749,40A0944,1959-07-22,1959,7,44.445,-123.181114,APPROX_1959,35.5,43.5,27.5,15.0,50,764.0,arid,historical_approximation,2025-08-14T21:49:31.672445+00:00,2025-08-14T21:49:31.672445+00:00,,,,,,,,,,,,,,,,,,,OREGON,BARLEY,1958,38.5,BU / ACRE
750,40A0945,1959-10-27,1959,10,44.445,-123.181114,APPROX_1959,24.4,32.5,16.4,35.0,50,434.0,arid,historical_approximation,2025-08-14T21:49:31.672445+00:00,2025-08-14T21:49:31.672445+00:00,,,,,,,,,,,,,,,,,,,OREGON,WHEAT,1958,30.0,BU / ACRE
750,40A0945,1959-10-27,1959,10,44.445,-123.181114,APPROX_1959,24.4,32.5,16.4,35.0,50,434.0,arid,historical_approximation,2025-08-14T21:49:31.672445+00:00,2025-08-14T21:49:31.672445+00:00,,,,,,,,,,,,,,,,,,,OREGON,BARLEY,1954,34.0,BU / ACRE
750,40A0945,1959-10-27,1959,10,44.445,-123.181114,APPROX_1959,24.4,32.5,16.4,35.0,50,434.0,arid,historical_approximation,2025-08-14T21:49:31.672445+00:00,2025-08-14T21:49:31.672445+00:00,,,,,,,,,,,,,,,,,,,OREGON,BARLEY,1958,38.5,BU / ACRE
751,40A0946,1959-07-14,1959,7,43.067501,-122.678337,APPROX_1959,35.5,43.5,27.5,15.0,50,764.0,arid,historical_approximation,2025-08-14T21:49:31.672445+00:00,2025-08-14T21:49:31.672445+00:00,,,,,,,,,,,,,,,,,,,OREGON,WHEAT,1958,30.0,BU / ACRE
751,40A0946,1959-07-14,1959,7,43.067501,-122.678337,APPROX_1959,35.5,43.5,27.5,15.0,50,764.0,arid,historical_approximation,2025-08-14T21:49:31.672445+00:00,2025-08-14T21:49:31.672445+00:00,,,,,,,,,,,,,,,,,,,OREGON,BARLEY,1954,34.0,BU / ACRE
751,40A0946,1959-07-14,1959,7,43.067501,-122.678337,APPROX_1959,35.5,43.5,27.5,15.0,50,764.0,arid,historical_approximation,2025-08-14T21:49:31.672445+00:00,2025-08-14T21:49:31.672445+00:00,,,,,,,,,,,,,,,,,,,OREGON,BARLEY,1958,38.5,BU / ACRE
752,40A0947,1959-07-17,1959,7,43.081665,-122.683609,APPROX_1959,35.5,43.5,27.5,15.0,50,764.0,arid,historical_approximation,2025-08-14T21:49:31.672445+00:00,2025-08-14T21:49:31.672445+00:00,,,,,,,,,,,,,,,,,,,OREGON,WHEAT,1958,30.0,BU / ACRE
752,40A0947,1959-07-17,1959,7,43.081665,-122.683609,APPROX_1959,35.5,43.5,27.5,15.0,50,764.0,arid,historical_approximation,2025-08-14T21:49:31.672445+00:00,2025-08-14T21:49:31.672445+00:00,,,,,,,,,,,,,,,,,,,OREGON,BARLEY,1954,34.0,BU / ACRE
752,40A0947,1959-07-17,1959,7,43.081665,-122.683609,APPROX_1959,35.5,43.5,27.5,15.0,50,764.0,arid,historical_approximation,2025-08-14T21:49:31.672445+00:00,2025-08-14T21:49:31.672445+00:00,,,,,,,,,,,,,,,,,,,OREGON,BARLEY,1958,38.5,BU / ACRE
754,40A0948,1960-05-24,1960,5,43.074444,-122.556389,APPROX_1960,28.5,36.5,20.5,15.0,50,555.0,arid,historical_approximation,2025-08-14T21:49:31.672445+00:00,2025-08-14T21:49:31.672445+00:00,,,,,,,,,,,,,,,,,,,OREGON,WHEAT,1958,30.0,BU / ACRE
754,40A0948,1960-05-24,1960,5,43.074444,-122.556389,APPROX_1960,28.5,36.5,20.5,15.0,50,555.0,arid,historical_approximation,2025-08-14T21:49:31.672445+00:00,2025-08-14T21:49:31.672445+00:00,,,,,,,,,,,,,,,,,,,OREGON,BARLEY,1954,34.0,BU / ACRE
754,40A0948,1960-05-24,1960,5,43.074444,-122.556389,APPROX_1960,28.5,36.5,20.5,15.0,50,555.0,arid,historical_approximation,2025-08-14T21:49:31.672445+00:00,2025-08-14T21:49:31.672445+00:00,,,,,,,,,,,,,,,,,,,OREGON,BARLEY,1958,38.5,BU / ACRE
755,40A0949,1960-05-24,1960,5,43.0275,-122.658608,APPROX_1960,28.5,36.5,20.5,15.0,50,555.0,arid,historical_approximation,2025-08-14T21:49:31.672445+00:00,2025-08-14T21:49:31.672445+00:00,,,,,,,,,,,,,,,,,,,OREGON,WHEAT,1958,30.0,BU / ACRE
755,40A0949,1960-05-24,1960,5,43.0275,-122.658608,APPROX_1960,28.5,36.5,20.5,15.0,50,555.0,arid,historical_approximation,2025-08-14T21:49:31.672445+00:00,2025-08-14T21:49:31.672445+00:00,,,,,,,,,,,,,,,,,,,OREGON,BARLEY,1954,34.0,BU / ACRE
755,40A0949,1960-05-24,1960,5,43.0275,-122.658608,APPROX_1960,28.5,36.5,20.5,15.0,50,555.0,arid,historical_approximation,2025-08-14T21:49:31.672445+00:00,2025-08-14T21:49:31.672445+00:00,,,,,,,,,,,,,,,,,,,OREGON,BARLEY,1958,38.5,BU / ACRE
769,40A0964,1961-05-17,1961,5,47.117222,-118.4925,APPROX_1961,23.3,31.3,15.3,80.0,70,400.0,northern,historical_approximation,2025-08-14T21:49:31.672445+00:00,2025-08-14T21:49:31.672445+00:00,,,,,,,,,,,,,,,,,,,WASHINGTON,BARLEY,1954,37.0,BU / ACRE
770,40A0965,1956-10-17,1956,10,48.560555,-123.084999,APPROX_1956,21.2,29.2,13.2,32.0,70,335.0,northern,historical_approximation,2025-08-14T21:49:31.672445+00:00,2025-08-14T21:49:31.672445+00:00,,,,,,,,,,,,,,,,,,,WASHINGTON,BARLEY,1954,37.0,BU / ACRE
771,40A0966,1958-10-09,1958,10,46.331944,-117.790276,APPROX_1958,19.2,27.2,11.2,53.3,70,277.0,northern,historical_approximation,2025-08-14T21:49:31.672445+00:00,2025-08-14T21:49:31.672445+00:00,,,,,,,,,,,,,,,,,,,WASHINGTON,BARLEY,1954,37.0,BU / ACRE
772,40A0967,1958-10-09,1958,10,46.329723,-117.750557,APPROX_1958,19.2,27.2,11.2,53.3,70,277.0,northern,historical_approximation,2025-08-14T21:49:31.672445+00:00,2025-08-14T21:49:31.672445+00:00,,,,,,,,,,,,,,,,,,,WASHINGTON,BARLEY,1954,37.0,BU / ACRE
773,40A0968,1958-04-21,1958,4,45.962502,-120.303612,APPROX_1958,18.2,26.2,10.2,80.0,70,247.0,northern,historical_approximation,2025-08-14T21:49:31.672445+00:00,2025-08-14T21:49:31.672445+00:00,,,,,,,,,,,,,,,,,,,WASHINGTON,BARLEY,1954,37.0,BU / ACRE
774,40A0969,1958-04-21,1958,4,45.940834,-120.281387,APPROX_1958,18.2,26.2,10.2,80.0,70,247.0,northern,historical_approximation,2025-08-14T21:49:31.672445+00:00,2025-08-14T21:49:31.672445+00:00,,,,,,,,,,,,,,,,,,,WASHINGTON,BARLEY,1954,37.0,BU / ACRE
775,40A0970,1961-05-11,1961,5,47.055557,-119.214447,APPROX_1961,23.3,31.3,15.3,80.0,70,400.0,northern,historical_approximation,2025-08-14T21:49:31.672445+00:00,2025-08-14T21:49:31.672445+00:00,,,,,,,,,,,,,,,,,,,WASHINGTON,BARLEY,1954,37.0,BU / ACRE
776,40A0971,1961-05-11,1961,5,47.028889,-119.215553,APPROX_1961,23.3,31.3,15.3,80.0,70,400.0,northern,historical_approximation,2025-08-14T21:49:31.672445+00:00,2025-08-14T21:49:31.672445+00:00,,,,,,,,,,,,,,,,,,,WASHINGTON,BARLEY,1954,37.0,BU / ACRE
777,40A0972,1961-05-13,1961,5,47.147499,-119.510559,APPROX_1961,23.3,31.3,15.3,80.0,70,400.0,northern,historical_approximation,2025-08-14T21:49:31.672445+00:00,2025-08-14T21:49:31.672445+00:00,,,,,,,,,,,,,,,,,,,WASHINGTON,BARLEY,1954,37.0,BU / ACRE
778,40A0973,1961-05-16,1961,5,47.129723,-119.102776,APPROX_1961,23.3,31.3,15.3,80.0,70,400.0,northern,historical_approximation,2025-08-14T21:49:31.672445+00:00,2025-08-14T21:49:31.672445+00:00,,,,,,,,,,,,,,,,,,,WASHINGTON,BARLEY,1954,37.0,BU / ACRE
779,40A0974,1961-05-16,1961,5,47.144444,-119.082497,APPROX_1961,23.3,31.3,15.3,80.0,70,400.0,northern,historical_approximation,2025-08-14T21:49:31.672445+00:00,2025-08-14T21:49:31.672445+00:00,,,,,,,,,,,,,,,,,,,WASHINGTON,BARLEY,1954,37.0,BU / ACRE
780,40A0975,1961-05-11,1961,5,47.064025,-119.105466,APPROX_1961,23.3,31.3,15.3,80.0,70,400.0,northern,historical_approximation,2025-08-14T21:49:31.672445+00:00,2025-08-14T21:49:31.672445+00:00,,,,,,,,,,,,,,,,,,,WASHINGTON,BARLEY,1954,37.0,BU / ACRE
781,40A0976,1961-05-11,1961,5,47.083611,-119.065277,APPROX_1961,23.3,31.3,15.3,80.0,70,400.0,northern,historical_approximation,2025-08-14T21:49:31.672445+00:00,2025-08-14T21:49:31.672445+00:00,,,,,,,,,,,,,,,,,,,WASHINGTON,BARLEY,1954,37.0,BU / ACRE
782,40A0977,1961-05-12,1961,5,47.071667,-119.103615,APPROX_1961,23.3,31.3,15.3,80.0,70,400.0,northern,historical_approximation,2025-08-14T21:49:31.672445+00:00,2025-08-14T21:49:31.672445+00:00,,,,,,,,,,,,,,,,,,,WASHINGTON,BARLEY,1954,37.0,BU / ACRE
783,40A0978,1961-05-08,1961,5,46.405556,-119.175835,APPROX_1961,23.3,31.3,15.3,80.0,70,400.0,northern,historical_approximation,2025-08-14T21:49:31.672445+00:00,2025-08-14T21:49:31.672445+00:00,,,,,,,,,,,,,,,,,,,WASHINGTON,BARLEY,1954,37.0,BU / ACRE
784,40A0979,1961-05-09,1961,5,46.485001,-119.111389,APPROX_1961,23.3,31.3,15.3,80.0,70,400.0,northern,historical_approximation,2025-08-14T21:49:31.672445+00:00,2025-08-14T21:49:31.672445+00:00,,,,,,,,,,,,,,,,,,,WASHINGTON,BARLEY,1954,37.0,BU / ACRE
785,40A0980,1956-10-17,1956,10,48.574444,-123.084724,APPROX_1956,21.2,29.2,13.2,32.0,70,335.0,northern,historical_approximation,2025-08-14T21:49:31.672445+00:00,2025-08-14T21:49:31.672445+00:00,,,,,,,,,,,,,,,,,,,WASHINGTON,BARLEY,1954,37.0,BU / ACRE
786,40A0981,1961-05-17,1961,5,47.17889,-118.365555,APPROX_1961,23.3,31.3,15.3,80.0,70,400.0,northern,historical_approximation,2025-08-14T21:49:31.672445+00:00,2025-08-14T21:49:31.672445+00:00,,,,,,,,,,,,,,,,,,,WASHINGTON,BARLEY,1954,37.0,BU / ACRE
787,40A0982,1961-05-19,1961,5,47.64195,-118.76296,APPROX_1961,23.3,31.3,15.3,80.0,70,400.0,northern,historical_approximation,2025-08-14T21:49:31.672445+00:00,2025-08-14T21:49:31.672445+00:00,,,,,,,,,,,,,,,,,,,WASHINGTON,BARLEY,1954,37.0,BU / ACRE
788,40A0983,1958-09-30,1958,9,47.967777,-124.503609,APPROX_1958,25.2,33.2,17.2,80.0,70,457.0,northern,historical_approximation,2025-08-14T21:49:31.672445+00:00,2025-08-14T21:49:31.672445+00:00,,,,,,,,,,,,,,,,,,,WASHINGTON,BARLEY,1954,37.0,BU / ACRE
789,40A0984,1961-05-16,1961,5,46.775276,-119.116112,APPROX_1961,23.3,31.3,15.3,80.0,70,400.0,northern,historical_approximation,2025-08-14T21:49:31.672445+00:00,2025-08-14T21:49:31.672445+00:00,,,,,,,,,,,,,,,,,,,WASHINGTON,BARLEY,1954,37.0,BU / ACRE
790,40A0985,1961-05-10,1961,5,46.88361,-119.15139,APPROX_1961,23.3,31.3,15.3,80.0,70,400.0,northern,historical_approximation,2025-08-14T21:49:31.672445+00:00,2025-08-14T21:49:31.672445+00:00,,,,,,,,,,,,,,,,,,,WASHINGTON,BARLEY,1954,37.0,BU / ACRE
791,40A0986,1961-05-08,1961,5,46.37611,-119.154167,APPROX_1961,23.3,31.3,15.3,80.0,70,400.0,northern,historical_approximation,2025-08-14T21:49:31.672445+00:00,2025-08-14T21:49:31.672445+00:00,,,,,,,,,,,,,,,,,,,WASHINGTON,BARLEY,1954,37.0,BU / ACRE
792,40A0987,1961-05-08,1961,5,46.400555,-119.178337,APPROX_1961,23.3,31.3,15.3,80.0,70,400.0,northern,historical_approximation,2025-08-14T21:49:31.672445+00:00,2025-08-14T21:49:31.672445+00:00,,,,,,,,,,,,,,,,,,,WASHINGTON,BARLEY,1954,37.0,BU / ACRE
793,40A0988,1960-06-01,1960,6,45.818611,-122.679169,APPROX_1960,27.3,35.3,19.3,80.0,70,519.0,northern,historical_approximation,2025-08-14T21:49:31.672445+00:00,2025-08-14T21:49:31.672445+00:00,,,,,,,,,,,,,,,,,,,WASHINGTON,BARLEY,1954,37.0,BU / ACRE
794,40A0989,1958-04-24,1958,4,45.770279,-121.301666,APPROX_1958,18.2,26.2,10.2,80.0,70,247.0,northern,historical_approximation,2025-08-14T21:49:31.672445+00:00,2025-08-14T21:49:31.672445+00:00,,,,,,,,,,,,,,,,,,,WASHINGTON,BARLEY,1954,37.0,BU / ACRE
795,40A0990,1958-06-01,1958,6,45.799999,-121.34417,APPROX_1958,27.2,35.2,19.2,80.0,70,517.0,northern,historical_approximation,2025-08-14T21:49:31.672445+00:00,2025-08-14T21:49:31.672445+00:00,,,,,,,,,,,,,,,,,,,WASHINGTON,BARLEY,1954,37.0,BU / ACRE
796,40A0991,1960-06-01,1960,6,45.61203,-122.50341,APPROX_1960,27.3,35.3,19.3,80.0,70,519.0,northern,historical_approximation,2025-08-14T21:49:31.672445+00:00,2025-08-14T21:49:31.672445+00:00,,,,,,,,,,,,,,,,,,,WASHINGTON,BARLEY,1954,37.0,BU / ACRE
797,40A0992,1960-06-01,1960,6,45.620083,-122.552025,APPROX_1960,27.3,35.3,19.3,80.0,70,519.0,northern,historical_approximation,2025-08-14T21:49:31.672445+00:00,2025-08-14T21:49:31.672445+00:00,,,,,,,,,,,,,,,,,,,WASHINGTON,BARLEY,1954,37.0,BU / ACRE
798,40A0993,1960-06-01,1960,6,45.72028,-122.486115,APPROX_1960,27.3,35.3,19.3,80.0,70,519.0,northern,historical_approximation,2025-08-14T21:49:31.672445+00:00,2025-08-14T21:49:31.672445+00:00,,,,,,,,,,,,,,,,,,,WASHINGTON,BARLEY,1954,37.0,BU / ACRE
799,40A0994,1958-10-09,1958,10,46.264446,-117.777779,APPROX_1958,19.2,27.2,11.2,53.3,70,277.0,northern,historical_approximation,2025-08-14T21:49:31.672445+00:00,2025-08-14T21:49:31.672445+00:00,,,,,,,,,,,,,,,,,,,WASHINGTON,BARLEY,1954,37.0,BU / ACRE
800,40A0995,1958-04-25,1958,4,45.971943,-121.36528,APPROX_1958,18.2,26.2,10.2,80.0,70,247.0,northern,historical_approximation,2025-08-14T21:49:31.672445+00:00,2025-08-14T21:49:31.672445+00:00,,,,,,,,,,,,,,,,,,,WASHINGTON,BARLEY,1954,37.0,BU / ACRE
801,40A0996,1958-04-25,1958,4,45.990002,-121.349442,APPROX_1958,18.2,26.2,10.2,80.0,70,247.0,northern,historical_approximation,2025-08-14T21:49:32.337378+00:00,2025-08-14T21:49:32.337378+00:00,,,,,,,,,,,,,,,,,,,WASHINGTON,BARLEY,1954,37.0,BU / ACRE
802,40A0997,1958-04-22,1958,4,45.824722,-120.719444,APPROX_1958,18.2,26.2,10.2,80.0,70,247.0,northern,historical_approximation,2025-08-14T21:49:32.337378+00:00,2025-08-14T21:49:32.337378+00:00,,,,,,,,,,,,,,,,,,,WASHINGTON,BARLEY,1954,37.0,BU / ACRE
803,40A0998,1956-10-17,1956,10,48.5,-123.071114,APPROX_1956,21.2,29.2,13.2,32.0,70,335.0,northern,historical_approximation,2025-08-14T21:49:32.337378+00:00,2025-08-14T21:49:32.337378+00:00,,,,,,,,,,,,,,,,,,,WASHINGTON,BARLEY,1954,37.0,BU / ACRE
804,40A0999,1956-10-15,1956,10,48.485001,-123.047775,APPROX_1956,21.2,29.2,13.2,32.0,70,335.0,northern,historical_approximation,2025-08-14T21:49:32.337378+00:00,2025-08-14T21:49:32.337378+00:00,,,,,,,,,,,,,,,,,,,WASHINGTON,BARLEY,1954,37.0,BU / ACRE
805,40A1001,1961-05-10,1961,5,46.929443,-119.536942,APPROX_1961,23.3,31.3,15.3,80.0,70,400.0,northern,historical_approximation,2025-08-14T21:49:32.337378+00:00,2025-08-14T21:49:32.337378+00:00,,,,,,,,,,,,,,,,,,,WASHINGTON,BARLEY,1954,37.0,BU / ACRE
806,40A1002,1961-05-10,1961,5,46.912499,-119.634163,APPROX_1961,23.3,31.3,15.3,80.0,70,400.0,northern,historical_approximation,2025-08-14T21:49:32.337378+00:00,2025-08-14T21:49:32.337378+00:00,,,,,,,,,,,,,,,,,,,WASHINGTON,BARLEY,1954,37.0,BU / ACRE
807,40A1003,1956-10-16,1956,10,48.654999,-122.928055,APPROX_1956,21.2,29.2,13.2,32.0,70,335.0,northern,historical_approximation,2025-08-14T21:49:32.337378+00:00,2025-08-14T21:49:32.337378+00:00,,,,,,,,,,,,,,,,,,,WASHINGTON,BARLEY,1954,37.0,BU / ACRE
808,40A1004,1958-04-22,1958,4,45.780834,-120.842781,APPROX_1958,18.2,26.2,10.2,80.0,70,247.0,northern,historical_approximation,2025-08-14T21:49:32.337378+00:00,2025-08-14T21:49:32.337378+00:00,,,,,,,,,,,,,,,,,,,WASHINGTON,BARLEY,1954,37.0,BU / ACRE
809,40A1005,1958-06-01,1958,6,45.752224,-121.133331,APPROX_1958,27.2,35.2,19.2,80.0,70,517.0,northern,historical_approximation,2025-08-14T21:49:32.337378+00:00,2025-08-14T21:49:32.337378+00:00,,,,,,,,,,,,,,,,,,,WASHINGTON,BARLEY,1954,37.0,BU / ACRE
810,40A1006,1958-06-01,1958,6,45.741665,-121.111664,APPROX_1958,27.2,35.2,19.2,80.0,70,517.0,northern,historical_approximation,2025-08-14T21:49:32.337378+00:00,2025-08-14T21:49:32.337378+00:00,,,,,,,,,,,,,,,,,,,WASHINGTON,BARLEY,1954,37.0,BU / ACRE
811,40A1007,1960-06-01,1960,6,45.699165,-122.654999,APPROX_1960,27.3,35.3,19.3,80.0,70,519.0,northern,historical_approximation,2025-08-14T21:49:32.337378+00:00,2025-08-14T21:49:32.337378+00:00,,,,,,,,,,,,,,,,,,,WASHINGTON,BARLEY,1954,37.0,BU / ACRE
812,40A1008,1960-06-01,1960,6,45.708332,-122.703056,APPROX_1960,27.3,35.3,19.3,80.0,70,519.0,northern,historical_approximation,2025-08-14T21:49:32.337378+00:00,2025-08-14T21:49:32.337378+00:00,,,,,,,,,,,,,,,,,,,WASHINGTON,BARLEY,1954,37.0,BU / ACRE
813,40A1009,1959-11-13,1959,11,45.757778,-122.425835,APPROX_1959,13.3,21.3,5.3,53.3,70,98.0,northern,historical_approximation,2025-08-14T21:49:32.337378+00:00,2025-08-14T21:49:32.337378+00:00,,,,,,,,,,,,,,,,,,,WASHINGTON,BARLEY,1954,37.0,BU / ACRE
814,40A1010,1961-05-09,1961,5,46.826668,-119.202225,APPROX_1961,23.3,31.3,15.3,80.0,70,400.0,northern,historical_approximation,2025-08-14T21:49:32.337378+00:00,2025-08-14T21:49:32.337378+00:00,,,,,,,,,,,,,,,,,,,WASHINGTON,BARLEY,1954,37.0,BU / ACRE
815,40A1011,1961-05-16,1961,5,47.115555,-119.410004,APPROX_1961,23.3,31.3,15.3,80.0,70,400.0,northern,historical_approximation,2025-08-14T21:49:32.337378+00:00,2025-08-14T21:49:32.337378+00:00,,,,,,,,,,,,,,,,,,,WASHINGTON,BARLEY,1954,37.0,BU / ACRE
816,40A1012,1961-05-12,1961,5,47.131668,-119.44722,APPROX_1961,23.3,31.3,15.3,80.0,70,400.0,northern,historical_approximation,2025-08-14T21:49:32.337378+00:00,2025-08-14T21:49:32.337378+00:00,,,,,,,,,,,,,,,,,,,WASHINGTON,BARLEY,1954,37.0,BU / ACRE
817,40A1013,1961-05-12,1961,5,47.116943,-119.236664,APPROX_1961,23.3,31.3,15.3,80.0,70,400.0,northern,historical_approximation,2025-08-14T21:49:32.337378+00:00,2025-08-14T21:49:32.337378+00:00,,,,,,,,,,,,,,,,,,,WASHINGTON,BARLEY,1954,37.0,BU / ACRE
818,40A1014,1956-10-15,1956,10,48.478687,-123.0196,APPROX_1956,21.2,29.2,13.2,32.0,70,335.0,northern,historical_approximation,2025-08-14T21:49:32.337378+00:00,2025-08-14T21:49:32.337378+00:00,,,,,,,,,,,,,,,,,,,WASHINGTON,BARLEY,1954,37.0,BU / ACRE
819,40A1015,1961-05-17,1961,5,46.958057,-118.171112,APPROX_1961,23.3,31.3,15.3,80.0,70,400.0,northern,historical_approximation,2025-08-14T21:49:32.337378+00:00,2025-08-14T21:49:32.337378+00:00,,,,,,,,,,,,,,,,,,,WASHINGTON,BARLEY,1954,37.0,BU / ACRE
820,40A1016,1961-05-18,1961,5,47.09639,-118.249725,APPROX_1961,23.3,31.3,15.3,80.0,70,400.0,northern,historical_approximation,2025-08-14T21:49:32.337378+00:00,2025-08-14T21:49:32.337378+00:00,,,,,,,,,,,,,,,,,,,WASHINGTON,BARLEY,1954,37.0,BU / ACRE
821,40A1017,1956-10-16,1956,10,48.645832,-122.953888,APPROX_1956,21.2,29.2,13.2,32.0,70,335.0,northern,historical_approximation,2025-08-14T21:49:32.337378+00:00,2025-08-14T21:49:32.337378+00:00,,,,,,,,,,,,,,,,,,,WASHINGTON,BARLEY,1954,37.0,BU / ACRE
822,40A1018,1956-10-15,1956,10,48.50111,-123.061943,APPROX_1956,21.2,29.2,13.2,32.0,70,335.0,northern,historical_approximation,2025-08-14T21:49:32.337378+00:00,2025-08-14T21:49:32.337378+00:00,,,,,,,,,,,,,,,,,,,WASHINGTON,BARLEY,1954,37.0,BU / ACRE
823,40A1019,1961-05-19,1961,5,47.828056,-118.526665,APPROX_1961,23.3,31.3,15.3,80.0,70,400.0,northern,historical_approximation,2025-08-14T21:49:32.337378+00:00,2025-08-14T21:49:32.337378+00:00,,,,,,,,,,,,,,,,,,,WASHINGTON,BARLEY,1954,37.0,BU / ACRE
824,40A1020,1961-06-01,1961,6,46.262779,-118.076111,APPROX_1961,27.3,35.3,19.3,80.0,70,520.0,northern,historical_approximation,2025-08-14T21:49:32.337378+00:00,2025-08-14T21:49:32.337378+00:00,,,,,,,,,,,,,,,,,,,WASHINGTON,BARLEY,1954,37.0,BU / ACRE
825,40A1021,1958-10-10,1958,10,46.293335,-117.202774,APPROX_1958,19.2,27.2,11.2,53.3,70,277.0,northern,historical_approximation,2025-08-14T21:49:32.337378+00:00,2025-08-14T21:49:32.337378+00:00,,,,,,,,,,,,,,,,,,,WASHINGTON,BARLEY,1954,37.0,BU / ACRE
826,40A1022,1958-10-03,1958,10,46.023888,-118.366112,APPROX_1958,19.2,27.2,11.2,53.3,70,277.0,northern,historical_approximation,2025-08-14T21:49:32.337378+00:00,2025-08-14T21:49:32.337378+00:00,,,,,,,,,,,,,,,,,,,WASHINGTON,BARLEY,1954,37.0,BU / ACRE
